"user_id","u_average_stars","u_votes_funny","u_votes_useful","u_votes_cool","u_review_count"
"__klNeffo7Qjcbwoj65Guw",2,0,1,0,1
"_4c3Aqs5vtGH5e4fGSYWpw",5,0,0,0,1
"_4jCSPg-swQsi8Cx_gO2OA",3.80952380952381,10,17,12,21
"_75QFdgFVhM_gRdQljn6UQ",5,0,1,0,1
"_78xbAvRCtpPlsL9qHGc6Q",3,0,0,0,1
"_8jXfVy20FGWHrJqtT4gdQ",5,2,1,1,2
"_bEVodhxux43TQ96n24VCQ",2,0,2,0,3
"_bPvjH49rPXO3xT88cYn4w",4,0,0,0,1
"_F3Wl3UEkyCdZYBuIEiNWQ",4.22222222222222,0,1,1,9
"_G7BBK0ZAZDYd8K3imm-iA",4,0,0,1,1
"_gyEXoJ-vGesDaG1AFTDAg",2.5,2,7,1,2
"_h8xgDlbQyHkB_6gx3ExWA",1,0,0,0,1
"_I0T-zPvvjHu_YWJnyaEqQ",4.33333333333333,1,4,1,3
"_j__WoLmVsfPkeuwZ0UkmQ",4,1,2,2,4
"_KclwnZuxJedfE0J7uX0VA",4,1,1,1,1
"_kJ8FSMfjl-dYzsRmtJ2oA",5,0,0,0,1
"_Kvu5KLoASeTeCxwbZb_-Q",5,0,2,0,2
"_mJCXFvtOHd0bYaURWdDqg",5,0,0,0,1
"_nmNCtMolXj_i2cCIY9ZSg",2.5,0,1,0,2
"_nnCf6aFD-KK3ErCnMFl_A",1,1,1,0,2
"_NvRvA8CB-Asaro1PQLEzw",4.75,0,2,1,4
"_o7sGqZBMvxf37VHxuclVg",4,0,0,0,1
"_OnZ6Yxo6SauHbUjZBEMYg",5,1,1,1,1
"_PI948oLmcKULPLRdlyuEg",1,0,1,0,2
"_PrMbW8gLcU8R3aUzJ9Skg",5,0,0,0,1
"_QgVVjL1TloY5JTqfhCRMQ",4,21,27,22,4
"_qR3ChZe37I70xp2b78Ojw",4,2,4,3,2
"_QS138Qw5fZh57QD8J3-9A",4,0,0,0,2
"_qT3bYTRwfaoJ9fForuFpg",4.28571428571429,4,9,3,14
"_r0qN1Y7PIg6l8RnTqZBEw",3.66666666666667,1,4,2,6
"_sewl5zzx9PMjhX8NjBngA",3.66666666666667,0,4,0,3
"_SNWq21H2vn0za-339G4jQ",4,1,0,0,1
"_Ssbz8viI2ZgHgvBWy1wTw",3.25,7,14,5,4
"_T9GcY3clFkz90Qso4ZuDg",4.5,0,5,1,2
"_UeQGHJJ6usLBdHd5TBuMQ",3,0,0,0,1
"_y4Pa5ZFpz4ycpqevBr-gw",3.75,1,4,0,4
"_yplQuwYGy2BT7Jb0GkfUQ",4.5,0,5,0,4
"_yqP4toRN5YqV_22re2ixw",3,0,0,0,1
"_zOvg6VVGA8_PAg-013BSA",3.25,3,14,5,28
"-0b8gEy62r6bHDaaCHWyVA",5,0,0,0,1
"-4gBNDCEv6qTm55abgHxCQ",5,0,0,0,1
"-7LfdqX286W8zJ01ljY_SQ",4,9,17,9,40
"-80hvfhwF2PdPWitXOGLng",3,0,0,0,1
"-896HwNelQJLFZUqW81Hsw",5,0,0,0,2
"-AOinMZ5MAIVqqfWO5UPTg",1.88888888888889,4,9,3,9
"-F8z6JmU5-601IC0QFtJLA",5,2,4,1,1
"-FiCSCiO6FJf38UG-4SsDg",3,0,0,0,1
"-fVuUmA8BbcgU7j3gqlvAQ",4,0,1,0,1
"-go3WeXZo98OkgqdSwCExw",4,0,0,0,1
"-gtB4YZ1lUES-OeJ9QrufA",3.8,1,1,0,5
"-h_6B4Z0m_1-NXngMoxP0w",4.5,0,2,1,2
"-hG9sBYkGRMjWPS08GzChQ",2.25,0,13,10,4
"-il5mwq7l0kcPHfCSLUVHA",3.8,1,3,2,5
"-irf3e8OmP_kPdD6R9aHKg",4,0,0,0,1
"-L0bSNfErGer1UCEa6D4PA",2.88235294117647,30,36,17,51
"-m6IHrZUctCG3vgTie3WTQ",2.5,3,3,2,2
"-MtZmWyA9KfgMYa4WWz22A",4,0,1,0,2
"-NtKVp1_sGpgVQkaFSO7SA",2,0,0,0,1
"-oXSp9H4U81e189kepgMCQ",3,0,5,0,3
"-pbA-jzNK5svK5DKEgv9Mg",3,0,0,1,1
"-rwvyAgeaE_MrIoK5hr2-A",5,0,0,0,1
"-rXESVt_Jgz5MDd5oX3dRw",3,3,7,3,5
"-twH-2L0l6AOlTDdp01wuw",3.82608695652174,4,13,8,23
"-UFyjmPUAnSLG6qGzAfMXw",4.17647058823529,2,8,5,17
"-v746IX7SI_YVQZ6B0D7dg",2,0,5,2,1
"-vi9ERTjcdvwY9cUHihLIw",3.6,4,13,7,15
"-Wa5j14Rhps3DC2SMaaatQ",3.84126984126984,5,36,9,63
"-Yia1Lmcq8fAY0goNsIrAQ",3.5,0,2,0,2
"-z6sTe2ejLXZx-Ylq5CFEw",5,0,0,0,1
"-ZMYfx_v9bfgHdlktYKR8w",2,0,0,0,1
"-zPnreNEr_YLwBf-Tw5HGA",4,0,2,0,4
"0_Dpf_CmOIoHackDgNfyXA",4,0,0,0,1
"0-PeU2TfwTo_j64X9b26ig",4.5,1,2,0,4
"02GMDKso6dqshbBGe2iCzg",5,0,1,0,1
"02pxS_9Nllhr38-pX5yuWQ",1,0,7,0,1
"03hPUAMxzz60F-LlF7FMBA",2,0,0,0,2
"03TD4fTaMdYjkEcE4GuM3g",4,1,1,1,2
"06g-gOtLHg-WG2-5i4aT_g",3,3,6,2,19
"09rOSu_0O1T0m9y9Soe39A",4.33333333333333,0,4,2,3
"0A3qFIJ6DyTUZpuuG4UkFw",4.5,0,0,0,2
"0AZPm9X5V-and7oT-Lbtwg",4.2,0,6,0,5
"0Betmnrp8P6JqhNnTqDCRg",4,0,1,0,2
"0CMz8YaO3f8xu4KqQgKb9Q",3.97612732095491,451,803,684,377
"0cRDjTY4ChwCKXPIjER6nQ",5,0,2,0,1
"0cwi-Haoc48Xgv3H0eiFQA",3.2,5,12,3,10
"0EFP4Y1AmNmf6M40ZAiJ3g",1,0,2,0,2
"0GUDG44DYEgwfAZ18Krkkw",5,0,0,0,1
"0Gx2Pjcpaa3XmUDyfJqLpQ",5,0,0,0,4
"0I5bCtHHGZsMvE8QqrtlgA",5,2,2,1,1
"0lxf4v5NuJ1U6Bk7SGAJ5w",3.73076923076923,335,616,489,130
"0mqHhdKEdak_A1FBhFNXqA",3.51428571428571,68,128,27,245
"0n2jq7LIPQOzs74kPLCDng",3,2,2,2,4
"0o6p_q3ntJs9iP4wgH4RvA",3.71428571428571,0,0,0,7
"0O8zLqElJsR9yOmvcMsInA",3.44444444444444,2,4,3,9
"0piFSvCKD4DygzQzewzdoA",4,2,8,3,21
"0PryyXJBhnVmCLvbluMsUQ",5,0,1,1,2
"0PTxYeiZpCmr9Lj9sOJVLg",1,0,0,0,1
"0QxbEvjT5D3dWikIsUu6Rw",3.27272727272727,27,34,19,11
"0RT1rUBvRLtvEwr4OYlArg",5,0,0,0,1
"0uJj6eoJgWt0xhOH-Xklew",4,0,1,1,2
"0VaL50rT2zkSk3pK3cTlCA",3.73684210526316,4,5,1,19
"0VNNqpD687meEu70X5knNw",3.5,1,3,0,8
"0VTZOBAwjW42u1ZipXxBfQ",2,0,0,0,1
"0wNFzxEof0RDrWPLjDlwZg",3.0625,8,15,3,16
"0z0cJNWzs8jPrS13xqRu9w",5,0,1,1,1
"1_3k0SfgMEU21xcg9o_RmQ",4.33333333333333,0,8,2,3
"1_sCp6RMJ6o1P8uUEWZu5w",4.5,0,0,0,2
"1-qyADoV_Zvwtpaewqqkng",4,0,2,0,2
"11H_4vCUJjQ4KpV04lc3mQ",3,0,0,0,2
"14n1Y_A_S-8tHWqurAW8wQ",3.18181818181818,1,6,4,11
"14VfoAR-w0Rqzg3qRIFTeg",3,0,0,0,3
"17gsCuBxVzxISGAPrG9-vw",1,0,2,0,4
"17i_YNAJmcKUD385qHS8Uw",3.66666666666667,0,1,1,3
"18oyzsHvqIBDP4rOp9_RIw",3.6,0,1,0,5
"1ajv7CEuzebjrv7X-iwTmw",4.09090909090909,0,10,3,11
"1DSEZOEk5uoy71Ri64cpOg",5,1,1,0,1
"1evjebOj7UEAhSm50WNwUQ",4,0,2,0,1
"1fHgJ_OrMbqgpZxgp-8yYQ",5,0,0,0,1
"1G8lqcSaUNfC45ug3vLxqw",4,1,2,1,1
"1Ge4YW-QzFDd4xqFNrPEbQ",3.84,15,21,12,25
"1h7jWeQlU230LWt7DZ3_Jw",3.66666666666667,2,4,2,3
"1K2CINUsqQr27b0m4ov8qA",2,0,1,0,1
"1kDUQZY0FQ6qyCSTR3hGpg",4,1,14,8,13
"1kHfnO2o66xy_t0LZMqHsQ",1,0,1,0,1
"1np8m00IO1XCsW5N8Z_72A",4.75,0,1,0,4
"1oc5ZlsGwMvpgPxs2yURpg",3.81818181818182,5,8,0,11
"1rOkpAYu89Hx2lwhnn52Mw",4.16666666666667,0,2,1,6
"1Sa31YHwvF0SNczJXqtu-A",1,0,4,0,1
"1SoSqWcWZINy1mvdTdTvNA",3.15384615384615,1,5,0,13
"1TR5sVObjtl50H2hBHO-sw",4,0,0,0,3
"1UtwA7ItsNQWsBnPGhLoqQ",4.5,0,2,0,2
"1VLDqDrvx7ZPI9qlXrU9lw",3,0,0,0,1
"1vPPixbJ-ZdTQsDBFmOjWQ",3,0,0,0,1
"1WriFmPd3h0-L45cCDzrVw",4,0,1,0,2
"1Xt3qdnMbHwqIefVShS1sg",4,0,0,0,1
"1zonB8p_lkW-sIz8YNwtDg",4.07692307692308,2,13,2,13
"1zXZ89SgL4WTRuUDdZI2vA",2,0,1,0,1
"2_31RaL6kz0vRQX41g9iXw",3.66666666666667,11,35,24,12
"2_tgljUc56H_jZ3magFkag",2,1,2,1,2
"2-TcM7Ywl3rtCvfBOguPsQ",4.75,1,5,4,4
"2-ukE2slBDVllwblxkPUiQ",1,0,0,0,1
"24Cr07o6M0n6Kod20dOMIQ",4.75,1,3,3,4
"2ARM6NFVciTzV21r7p8jiw",3.11538461538462,3,17,8,26
"2Efi9Xvl-I5-Eg674NGP_w",5,0,0,0,1
"2fXa7GKrwQvQszQ_sdLN6g",1,0,1,1,1
"2HLkrJcWPg1ojZTRqjyH4g",1,0,0,0,1
"2JXJpZ3vm9lQAB_iEhMn1g",3.5,0,1,3,2
"2lvfBteL5ny4CBjNIk9Mwg",3.75,1,7,3,12
"2MPGdIbaaEdKuW9IpPxHfw",3.65789473684211,6,29,6,38
"2NgGL6UtPlth_ffoNkD-Pg",1,0,0,0,1
"2smwupUoisUA_pGUoqrznQ",5,0,0,0,1
"2tgppETslah6QdEu5hjodw",3.4,2,1,0,5
"2tX_cavnOb4p_cPdTEXh7g",2,0,0,0,1
"2u74hsdevofxQxmhZBtvUQ",5,1,3,2,1
"2XywCcUKE2ofgSYMqrDirw",5,0,0,0,1
"2y3LWFfyRp02EdjwcVv7sw",3.29166666666667,9,26,11,24
"2yqvGD7-gF3yHUZvNM93qw",1.6,3,3,1,5
"2zsQosSiOFMaXhVTldgI4g",4,0,0,0,1
"318bjHL6yRQIo4hy4DzRPw",3.875,18,18,10,16
"35t6W0ePyfAXAnvB0OQWOw",3,0,1,0,1
"370JyOQfFcPSB9_jk641gA",3.66666666666667,0,2,0,6
"37UFAkFO0kyHSr363EdKWA",3.28571428571429,1,9,0,7
"3axRANadusjvU5fQFC0gaw",3,0,0,0,1
"3B19Aj5HbzE4GVboUedE2w",5,0,0,0,1
"3BtjfU6rCeizjPU10z29vA",4.33333333333333,0,1,1,3
"3F2x3YKSH6RbNDotS-VxfA",4.33333333333333,1,4,4,6
"3fwbds_Au5EfN9v0E5EH7w",5,0,0,0,1
"3Gi--CpYPhLw3s6N7plwoA",3.2,2,1,0,5
"3hrz4kkvfMfmoD4oiI3FrA",5,0,1,0,1
"3jEkLEgursfeYjnJQUGmJg",5,0,2,2,1
"3mrGe3ccz1VaHQFChwcMyg",3,1,0,0,2
"3oL01--2sfZXzRwOJMkAXw",4,0,0,0,1
"3qSuZqHhixLERnGy0Xus_g",4.25,0,6,0,4
"3quyjmLWJZYqJkKFCTeLHg",5,0,0,0,1
"3r2T810jY4QbQwszIaf7AQ",3.66666666666667,2,6,0,6
"3RpaZ97DNS2q8VOVCbTZog",5,0,0,0,1
"3wiMAs5-tiG9jbfhC2EUuQ",3,0,0,0,1
"3xsG2rgSHfY3J7PWfMFsow",3,0,0,0,1
"3yr2mU8TyXAnGXokKpobKw",5,0,0,0,1
"3yubg7lo95ETTjMcWrilSw",5,0,2,1,3
"3zAueIS5hxk0Z_hGF1EqQA",5,0,0,0,1
"4-5tKXVbnCEy9NTlufj3pA",5,0,0,0,1
"4-HMi76m6TpJrZ0G-xL1CA",2.42857142857143,2,11,3,7
"4-vglegfrkTzVE1R6jB4dQ",3,0,0,0,1
"41ef96QJZr7JanDhgljJUg",5,0,0,0,1
"41fHPPYJenIE-s3QlTT7SQ",4,0,1,0,3
"42D3biuVZiSeVPQv2XRwww",4.66666666666667,1,1,0,3
"49A69qzw4obYGKPGELH33A",5,1,2,1,1
"49rsl9QgGMHAsqy7vcXZ7A",5,2,3,3,2
"4a17OCvaJgzZzDPMJz7L3A",3,0,0,0,1
"4aajbYBbUrXKrlOO5t06Hg",3.83333333333333,0,8,1,6
"4aL1FgMljGIuDNksiLVKDw",3.73333333333333,3,18,14,15
"4AqS0E88XYkDYkR7--2EPg",4.33333333333333,2,1,0,3
"4AV_oJv8nptAoDjQSg-LyQ",3,1,0,0,1
"4D63Ui_-R1ghY8TmpPOB8g",3,0,3,2,2
"4f2arNP_-LJR_FGgOwFFKQ",4.25,2,2,0,4
"4IcHv23kWfhDhXX3tTyqwQ",5,0,1,0,1
"4IhPr3F07SLsiWbAyK_nTw",3.16666666666667,0,6,0,6
"4IyaLc7OEWu-9FSOQUPDmw",4.6,0,6,0,5
"4linxfdzgNr4C7U8gryJ-A",2,0,0,0,1
"4muLyMlTP1ijRLACBBRcaQ",2.44444444444444,10,13,7,18
"4oBaBSP4_0KpyuDBOvvwQg",5,0,0,0,2
"4PswRWKpz2fs7lcCQtJrSw",1,0,1,1,1
"4qHDTXscBB8zrz5wXaoXfw",2,0,0,0,1
"4rqK-PeJ7y2ajqoSR1GfJg",4.46666666666667,1,13,3,15
"4rvucSvCAH5ZxBVSv2Lalg",2.66666666666667,0,1,0,3
"4SL9WftOYkbA2V0xmN2YuQ",3,0,3,0,1
"4TxvU00TQLFrMIaEWDi-Hw",3.66666666666667,1,0,0,6
"4UEusklmkcQ8DsyFszkhfw",3,2,3,2,4
"4Utl9nWrSZueoEhlcVnLkQ",3,0,0,0,1
"4WtwchbAovqTuE4L1evxhw",1,2,1,0,1
"4xGE6nllhxLGLKuI4JxiLw",5,0,0,0,1
"4ybfiaJRAhKU7tEGLoCtFg",4,0,1,0,4
"4zWUt98o61aq4HSOLDxpVw",3.53488372093023,97,177,107,43
"5_UUUciImhAsI6YNh9VZLQ",5,0,0,0,1
"516zANL5QTWFPGcS1KQCWw",4.5,0,2,1,2
"55TfTtawpbYz1OqeSfDtMg",5,0,0,0,1
"58jNzn1Obq55gWfpB4_SpA",5,0,0,0,1
"58me_Jn3rs_ypWdPqgXq0g",5,0,0,0,1
"59m6T_Nlc1cFNkqqUKr8fA",3.75,5,19,5,32
"5bWDb4aEAy5lqjJkugMrrA",5,0,0,0,1
"5cWb1Ym1tGwwfFxaDkUEkA",3.33333333333333,0,0,2,3
"5dfXxhrccXNm03A-wl-2vA",4.26666666666667,7,14,9,15
"5HihVrayQ-U7Z0xfLyS_nQ",5,0,0,0,1
"5iH-StRFoquL80hsrkfoyQ",2.8,0,1,0,5
"5jFlE9Y4VKTa308Os6geOQ",5,0,1,1,1
"5KgA-ibrECtD4Y42EtXcbw",4,0,1,0,2
"5o3QDJ0XohNzfpG-bU7guw",4.66666666666667,1,3,0,3
"5pOdmdO0xB3XUtbYP9tscw",3.5,0,2,0,2
"5sHLkf2pg20Siq11xRXKpw",1,0,1,0,1
"5SS5ZujI-uojs2OXuhTg5g",3.33333333333333,1,12,4,6
"5ttpDJahMaiciVy6ndZ7nA",3.33333333333333,3,3,1,3
"5WrOiOobqAtsHvTG9PaF8Q",5,0,2,0,2
"5YMVUDRQe9bYSFadFScI5w",3.5,0,0,0,2
"5zVUkQBCE_dIljgxUywO_Q",4,0,0,0,2
"6_cDyXmu_P0yRurzBEosqA",2,1,2,2,1
"64iAH7ECe3l5Z_Albkt3Nw",3,1,0,0,2
"686n6A10siZbYHDA63yF7w",5,0,0,0,1
"69fI1xcvieZVRQtyM-c9sw",3.83333333333333,7,12,6,12
"69Q6PivlI-2ZWIqLlq5o5A",4,0,2,2,4
"6ach2cryXxF1bzRs62CttA",4,0,0,0,1
"6axUzSb8Bcs3evmjDU1eUA",5,0,0,0,1
"6AyffTN85i98D05tENPMkA",4,0,1,2,2
"6bHFlb_51XqdQmtx9foNNA",2,0,1,0,1
"6D0KGpAoNF-LvAxElCrSYw",3,0,0,0,2
"6eKLWEAfnAMP_72HShHgnQ",4,0,0,0,1
"6fnXa6lEdD_NXI2pg3AawQ",5,6,8,8,1
"6gPLoA14w1Pp_ALoQcJoTA",3.8,0,4,2,5
"6h3Ukn8vLc7Y_GjTYkI06g",5,0,2,1,1
"6h5PM9BhvhECbQ7ojgoNXQ",4.08695652173913,0,5,1,23
"6jiCkha-eL2gOhwl6k0-Ow",5,0,0,0,1
"6K9I3aU8Tmgi9qRxEFoZ_g",4.18181818181818,18,19,20,11
"6l08h9vEa0J8skgt8RjM2Q",3,2,1,1,2
"6PtmDrgdUphJjOoaJWB8TQ",3.75,0,6,1,4
"6QMm_Xo75V2YZQ8B1G0L-Q",3.66666666666667,0,0,0,3
"6Qp6zJq0CRs03juXz0fQmQ",4.8,0,0,0,5
"6QqOD0xLUpSxri1ycWOeFw",3.75,3,20,14,4
"6r4kqGK00T_7mxkS4ZmGJQ",4.25,2,4,3,4
"6R4kSvapdGx7392JCh3bIw",5,0,1,0,1
"6RioJCCwaI3PAdLsg3FjNA",4.4,0,0,0,5
"6s4e6ZImm2l2K70FsvCDKg",3.25,0,0,0,4
"6S95Byd5akYup2tuNB-raQ",4,0,0,0,1
"6UX8chdSRsTPv8AEm-7x0w",2,2,1,1,2
"7_SEn8gJb-5cUD6ceOUfjQ",4,0,2,0,3
"7-_s7myDtaHfU0n3wOUT7g",4,0,0,0,1
"7-aros2ZKLftg-zhOI3x3g",2.5,1,1,0,2
"7-KGj9HJpiG1xBQ7fxwODw",2.85714285714286,1,3,0,7
"70ZgchHDOLaTGR109j6SIA",4,0,1,0,3
"73eZuIuXVD5sif7GrIMfuQ",5,0,150,149,2
"73L8YnUoGVK5wyT0l5NKDw",4,0,0,0,1
"75Y2GmJZlzxeeFuxRvLbww",3.5,0,1,0,2
"78B3kv3YC-KYuQN2eucYXA",5,0,0,0,1
"795O0rf3MjyBWRpckaUySg",5,0,0,0,1
"7aTZtZMHDe9yFpMAHkIFcg",5,1,0,1,1
"7dXCYATrblG4pW3wRnNQeQ",2,0,3,0,1
"7Eiv2H37JP-Yaf8M9wrGjg",3.75,0,3,0,4
"7EJtGl9qfAmCGw2wVAkAow",2,0,2,0,1
"7FG-q5MFvaSyDBTfqdECcA",4.5,0,2,0,4
"7Fn2A_c7DwflDk_k1XOKYA",3,0,0,0,1
"7gz1sBdoD1jzHjogk2P2Ew",5,0,2,0,2
"7H4P71XuPBDVhriA4RIluA",4.5,0,1,0,4
"7i5xYSHtQ2IwP6DR9VzNvw",4.4,0,2,0,5
"7JjYzwRAsTnu2-q-VukQNQ",3.5,0,0,0,2
"7op0fmvXG6XydXF_d7kkKQ",4.4,0,2,2,5
"7opS3fE5T1qs31pt9tR6Ug",4,1,0,2,3
"7pAYRMocg2BjpyLftP2ZPA",4,0,1,0,1
"7pCE0FpuFWtC8o9oDBr-JQ",1,0,0,0,1
"7PrE7o_AGp68uXQafeZg2A",3.2,1,4,2,5
"7PUbEVAd2pATTg2Ml5ukDA",5,0,4,0,3
"7RXtu3n5OfNsgmRT3b2x7Q",3.78260869565217,5,12,3,23
"7uiMBAOvdbPvwGowkNPQ6g",5,0,0,0,1
"7uN3jj71sLZG-nf36gU__A",1,0,1,0,1
"7WI0-mI-5glr-AGNM5P6mQ",5,0,2,1,1
"7WRv4z_Mlh6V35iCQ3q54w",4.5,0,2,0,2
"7wt-DZ6VSSxjRb8Yf8eQ1Q",3.75,0,3,0,4
"7XEjgOcIZMQCAlfeDXyqnQ",4,0,4,0,4
"7XVPc5UeRrxMyyyNQhjtVQ",3,0,4,0,5
"7ygqEx8-9BUo0mojiuydqg",3.66666666666667,1,1,2,6
"7YRMH7JWdikxcnbJo7OICw",5,0,1,0,1
"7yv0YRX1ZFXeanyI1prIkw",3,0,2,2,1
"7zxheaKDjuSCeM8IwU0D9Q",5,0,3,0,2
"8_ztfjt9_RsKS-cQ9KlqKg",3.68181818181818,25,73,51,44
"8-1RGbe_i2ThH9b7Lbdyhg",4.4,0,3,1,10
"8-InERGLhHGjX3DZPFXMqg",4.04878048780488,10,29,6,41
"82i6il42oVYLFQeoOqwucQ",4,0,1,1,1
"83jzZLFAfrCUwZghWgcz4g",3,1,0,0,2
"84hTxQmds39Lr7ulyGjcyQ",4,0,1,0,4
"89H9-Ius_EWMhAQ4zZuvOw",4.4,1,2,1,5
"8AGNvxPnzF7h35TxwZ7mKA",4.66666666666667,1,1,1,3
"8Bb_OXPzXn_jlWye4z8k6g",4.5,1,6,1,10
"8bESR1X2cLu-u2FxtKeFmw",1,0,0,0,1
"8CuRrl5gZ4Ylv_3-kkFv8g",4.25,2,4,3,4
"8d30IiVbirN3NeCBtLXMkA",4,0,0,0,1
"8dZI6Tc66vLkzDlMWAwrpg",5,0,1,0,1
"8E-XbiI-fHVMquzP3anLkQ",5,0,0,0,1
"8etAGDC9aee_ZIRuu9AQyQ",4,0,1,0,1
"8FvfywrS0X1QDn9wH8xCvQ",4.33333333333333,2,0,0,3
"8fzcVXLRZylah3iEvDrEcg",4,0,1,0,1
"8GGCkcpcwbouTueVB_TlMg",4.33333333333333,1,4,3,6
"8gNfSs8AlwxOd4m2lQigXw",4.5,0,3,2,2
"8GZTElH-LqlCOeb-ar8CUA",5,0,0,0,2
"8hl-0w7jCU9cNgIga9dLTA",2,0,1,0,1
"8HPJQTyB8h4lmuwOhedQSA",5,0,0,0,1
"8I69-FoAriFgNNnb_IvzWA",3.66666666666667,0,0,0,3
"8knx72aQPeI_MyXIUYWPEQ",5,0,0,0,1
"8LIUneJi_hdb8q6cOEAWxg",4.5,0,0,0,2
"8lzykXOKF5FTKlGUBgRlqA",4,2,2,1,1
"8Mu7ZBfpiikL0Ad0pGBALA",4,0,0,0,1
"8q2pilNlC3_mTfyDzp0TiA",4,0,2,0,2
"8qfMa3zulpNNgBtH2B9nkA",2.5,1,0,0,2
"8QiRZQA4bsrskzov66O5ew",3.77777777777778,14,17,17,9
"8qNa8dBsyTuNj4HlGZpHCg",1,0,2,0,2
"8QT1MXLt6dcGsjcP6a7tfw",1,0,0,0,1
"8RBt1D6rKLMVFVstL6UHBw",4,0,9,0,14
"8RnXQwYM9iNYNlwzPvNKgQ",2,3,1,0,2
"8TtsA0_UWMrbCHlWCjtz3Q",4,0,2,1,1
"8U2UZ5tx2056oYYcvIFxJg",1,2,1,0,1
"8vGJp_GpPSLj9vMeMQgVow",5,1,2,1,1
"8VNb8ImJSF8uCAHKMzgeDQ",1,0,1,0,1
"8xbcW7PpBjE6WYgvMtZaGg",4.66666666666667,0,2,0,3
"8xhZzKf2rsmaPOzS7N9XCA",3,1,0,0,2
"8ZHvgisJp6Eng07f7LY_-A",1,0,1,0,2
"92c_Yvl3KRZINYc006K5vg",3,0,1,0,1
"93B3zXGm_7LWJJMhdD2hFQ",2,0,1,0,1
"95gMc5mw1WM6n_kslUjykA",4,0,0,0,1
"97kDXRn9ZAGmO1wneC0dig",5,2,5,3,2
"98jhrpmyYcLLM0-9z-r2oA",3.94736842105263,5,14,3,19
"99Jm9c6QZjvElZznML2Y8A",4,0,5,2,7
"9BRdfBPOq0DihfRzoqJeiQ",3.25,2,1,0,4
"9cd6Op7GKhLDPxzJkrsWOQ",5,7,10,13,1
"9cWb58MPQ_87q1H2kgyNDQ",3,1,4,2,2
"9EtSfIifrIX-SgI0uwHn_Q",3,1,2,0,4
"9FV8mWm5WpsXLuvSh_LZ1g",2.78260869565217,3,18,2,23
"9GCYE7nXA2YyFIWjRySOuw",4,0,1,0,1
"9JP42el06ia4i95n3wQcYA",3,0,1,0,1
"9luP36kZV4m92n2nc2z6Rw",4,2,7,3,3
"9MWhstSqiDq1CB98v3QO2w",4.5,0,1,1,2
"9nbyxBMR73qcGJePKxdtNw",4.5,0,0,0,2
"9O3_hUq2jWbhK_8ilk6qOQ",5,0,0,0,1
"9P4hnxaO6MQGtSeZjqxUiw",3.69565217391304,2,11,3,23
"9QxffjUW7fKDSphfxQpvOA",2,0,1,1,1
"9RjU-WMDWAeCmgBx3YtHfQ",5,0,0,1,1
"9u-2kA0tnQjeEjJaSzDm5g",2.5,0,0,0,2
"9ugB2V82E5WtiN421QcY2w",3,0,0,0,1
"9V1_8U4cnEklP5dqCgetVw",5,0,0,1,1
"9Vqm1mtkWYKUvaCj495S5A",1,0,2,0,1
"9wtjbcQiqkcPsP9CDZqI6w",2.92857142857143,14,24,2,28
"9y7QVeqmo8rWfrp70Bq-oA",3.5,2,2,1,2
"9yi4UhvlS0K1fg_kA5SUwQ",5,0,1,2,1
"9YlXXAy6YpADI7v42UwWCg",3.06666666666667,9,18,10,15
"9Z7GYJ3NKmn70CRGwWakNQ",4.83333333333333,3,7,3,6
"A_-0vyzxhIamBpAnWo5I8Q",1,0,0,0,1
"A_VCj_m1zqW0gc0zSzQ3tA",3.2,17,42,13,35
"a_y_kvUrpRqebrBUVAaDrQ",5,0,0,0,1
"A-9oqVfWH4cCtq8LfWBReA",3.5,3,4,2,4
"a1QqdwxFzI1bc9oDMfoSdg",4,0,0,0,1
"a1T4Xcu4CojmSbu5v41bZQ",4,1,4,2,2
"a1WOEOau3ffIgDKSMLw9qQ",3.77777777777778,0,0,0,9
"A2AZOIHZp4w3jI-ietiLhA",3.33333333333333,3,7,4,3
"A4i9TRuPY-9wbf_LVRikWA",4,0,1,0,1
"a9AKJ6w1bfFyMQRPs9FtJg",5,0,0,0,2
"AAPlMMqE1tPfAZuqrTJLJg",4.5,0,6,2,4
"aBZjlScDVksK5rZ7wOVRYQ",3,4,2,4,1
"ACAXB8aI4DxKD8tUYCc3gw",3.66666666666667,3,4,4,3
"aCVlsdLTSuwWq18VnrODRg",4,2,1,0,1
"acw3WOeP1cQ0Zrro14MY0g",3.66666666666667,0,0,0,3
"AdnI0GWzenZVDvsEDiD_zA",5,0,0,0,2
"aehtRFZ3zhj0M3meJoG8vQ",3.66666666666667,0,3,0,3
"aeqEqLJfx9J1DZWbhb4onw",4,0,0,0,1
"AftLwAaWdwmhNa2FN-EC3A",4,0,0,0,1
"aFzfB4cIph8bAQWYzK7abw",3.66666666666667,0,0,0,3
"AgfHYO4NPPbFalEu_mRGoA",3.33333333333333,1,2,0,3
"aghkGEOQtsO1TWVXtETumg",5,1,4,5,1
"aHHD24RVlGc_Oe3sA9BiRA",5,0,0,0,1
"ai9gd7u7Asrj6nza_4jbOA",5,0,0,0,1
"AitJM3uwO_dgOMhup0HAHQ",4.75,0,1,0,4
"AIUrqcI6EIMcbvxoRcOO7g",5,0,0,0,1
"AIwAEq23v2wEnSXoiees5A",2,0,1,1,1
"aJsoH_VFK_B_9qm20w8mSw",3,0,0,0,1
"AjWGxRkg3Yl_q18Y7J-kjw",4,2,5,1,5
"Ajwj692GA2UV9VLV-KRenQ",3,0,0,0,2
"AktS0q7cACVLEpTkueAE1w",4,3,1,1,1
"AM755GWyBcx-NjiivkU-uA",3.75,1,4,1,4
"AmqcbQ9pXg1oMRtQ7yuWag",2,1,7,1,3
"AmxL7VpqxH5-IGZr9TO90g",3.5,4,1,1,6
"anA8JbEWN7MDDVL4amI8kQ",4,0,0,0,1
"Anpac7TMQNWm0iA-1ho3Gw",5,0,0,0,1
"anr3YEUMnFxGSwo7Ej4OeQ",3.83333333333333,5,10,6,12
"aNUT2kJqD0h38WbXuGMpKQ",4.5,0,3,1,2
"ap6LoTZwP8zRCeT2rYo2eg",2,2,2,1,3
"apf_19hkXrWrOvNHYRwsAA",3.3,3,11,2,10
"aQWK0edA34M-XNHWcQglRw",4.5,0,2,1,2
"aQxooJB5YCqiYRhas5zd8w",4,0,1,0,2
"argqxDJ6Camdg4OhM3XzTQ",4.5,0,2,0,2
"arHREwGjrsa34dg0oiKJgg",1,0,0,1,1
"ArLeRjSfEChTsNAP4UnOfg",5,3,7,4,4
"ARX-RBISHaWLWNpZvb3yRA",5,0,2,1,2
"atahTE3txyTZrqdFuOE5Pg",4.5,2,7,3,4
"ataZjyrcOkTYmcPrFKcocQ",2.875,3,8,1,8
"ATLQkfPEXCRMAQlzjmwyLQ",3,1,1,1,2
"aU4fCjkwP6Z8aR5azt9pSQ",3.9375,2,8,4,16
"au98D2-Op6Dq0ShyYAgjBQ",4.8,1,5,0,5
"AV4-6n6SKop4Bp5S15c98Q",3.25,0,3,1,8
"AVyhLKMllVV_HPQbN8Yp8Q",5,0,0,0,2
"Aw3EMRqdSJ2DtqoI_NpgWA",3.55555555555556,26,37,24,9
"aXFHoWQ7ACm1UA6bFU3juA",5,0,0,0,1
"ayaLs7Zzc0RVVy2N-Q0XOQ",4,0,0,0,1
"AyEiHIMRZmgda_seZy1PZQ",2.5,1,2,2,2
"AYqt1NEJwphVyuiMMf1e6g",4,0,0,0,1
"aZBjqiRoBV1Qhf9KhXHK0Q",5,1,1,0,1
"b0TKkri35IywONfxBJNJuQ",1,0,4,0,2
"B1fHWEovCeZgb-L8L_mN1Q",3.5,1,1,2,2
"B1V-4Pyjy4SYQrjWS-F3xg",3.5,0,0,0,2
"B3D1DTdGz6ObaXfoYLjeCg",5,1,1,1,1
"B4-xzBRt3S5TjrjVZFPSfA",4.25,1,2,0,4
"b48NAHm3R12f7nRJXHVnCw",2.81818181818182,7,14,9,33
"B4wYawXXCI-5GR6FdCAGJw",4.14285714285714,1,4,1,7
"B60niopvtxlpEQFSeI3DjQ",4,0,3,1,4
"b74D_ZUTMg7Tb86yO2D0nw",1,0,0,0,1
"bahaW9HFoMzQ_rZp0r47sg",5,2,3,2,1
"BAN0_dqKlUVYml7LfRoFSQ",2.66666666666667,1,6,0,3
"BbAAuy_j7i91-8tH7FxQxg",4.75,4,8,12,4
"BbRyOgys9qlA0gNZS48Ktg",4.5,0,0,0,2
"BcNthlUqdCeT4xe9trN9mw",4.2,0,0,0,5
"bcPjNSuN3PviAbNBUloAwg",2.66666666666667,1,3,1,3
"bcTAukv9nxjmrWnYUasArg",3.5,0,4,1,2
"BDQjq30H2gFncFvaapvm6A",3.69230769230769,4,28,10,26
"bDVQPjGPM6yVLD2cntJkrQ",3.02777777777778,22,40,9,72
"BdwCqbK1WJVo4tYxRw2N2w",5,0,0,0,1
"bFVetbys5Z74h1fcihmvOw",4.22222222222222,20,21,19,18
"bG4twhUBDiYjEtJp4GgA-w",1,0,0,0,1
"BGldtHa4sOE41Omz8EYhTw",2.5,1,3,3,2
"bgtkj_gJdyCM_HwqAi3V8A",4,0,0,0,1
"BhbVjCuzwNpbjNGlBQHw7Q",5,1,1,1,1
"bIBjalsSEguy9Tj0tN8nVQ",3,0,1,1,1
"BjDtik9NxtA1FjXBXFOW_g",2.71428571428571,2,6,2,7
"BjZVPtHqfD0s8VqQYrzwvg",5,0,1,1,1
"bkraSYev6xBufeH6m41sBg",5,0,0,0,1
"bkYKrAbREHReX5bFVYET6A",5,0,0,0,1
"BlbdPK_FWgLMKbDutrjLng",5,0,1,0,1
"bll2HbgcSl2eXWE7E2uXaw",1,0,0,0,1
"bLThxixqsPeQgMnlwR9ypg",5,0,1,0,2
"bMyx5VxIJTlNOIM8URe5uA",4,0,1,0,2
"bOZQi7JFE6p_s-YuD1gooQ",5,0,0,0,1
"BPEKjI42iGvvqCiBAIRX_w",3,0,4,2,5
"BPfHtTzVDOLnhDPJLOy9eA",3.25,0,5,1,12
"bPwOD7cpuM21CImk79THnA",5,0,1,0,1
"BqeuT3YVT_57NCmvqYWnJw",2.5,1,3,0,2
"bQmuBZjHYgL3CJCZVAvABw",2,0,1,0,1
"brL5o0jgpKXRIDsr10PUqQ",1.5,0,4,1,4
"BRpbP8FI9Q-MULAj6iyXHA",3.14285714285714,1,2,0,7
"BS9brS2803V956KiLFsHJw",5,0,0,0,1
"bSpLvkXlZuw-icYDK6BdKg",5,1,1,1,1
"bsr5z13fberCAGTsshR8Eg",2.5,1,4,1,2
"BSTrDP5SbCqHXj800Jzu3g",2,0,3,0,1
"BtkJDPkVV9uXNKDkoSsKiA",3,0,0,0,1
"Btwy6Uinj6-15zWoe2ZhZw",4,0,0,0,1
"bU1hvJg-EtF2QYqkmkHHSg",1,0,0,0,1
"BUZdAlo-nfXmwW-fE1B7Pg",5,0,2,0,4
"Bv16boLVSNb_uGtZOQ-jNQ",4,0,2,0,2
"bv3q_qLmLxzZA_wAisd6VQ",4,0,0,0,1
"BVpJ98Wdm_jCvnCGYGkPmQ",5,0,1,1,2
"BvRo87YTIa9eViEHUzgLVQ",5,0,0,0,1
"bvtjRaK4xzlFjRmY0UnFow",3.45454545454545,8,17,14,11
"bX0LRB1bGHGkOcKvkKozzg",1,0,0,0,1
"BYadUduWugoHwCn5h-hnPw",5,0,0,0,1
"bZMMPGHmxkkJjueTFBueIg",4.5,0,1,1,4
"bZOD2GesoeNJkgjKbYeRgA",4,0,1,0,1
"c_61dliTkbLKfXcyfcxPBA",3,1,0,2,1
"c_oAY5TDj8sLfUPvotwHjg",5,0,1,0,1
"C-JsZML8lVJ9zT5SLRUTag",1,0,0,0,1
"c-qcByY0GHND3eTkj7VQGA",5,2,4,0,3
"c05uXVNJZIiCHCbXQG19zw",3.25,0,0,0,4
"C2eAyjPLN4c-r_kmgA4ikg",3.57142857142857,31,36,31,7
"C2pynNAIuwNh4Q9CSw_NSQ",3.8,1,4,0,5
"C8MhrBVAHN_zeQpZLmgBag",4.66666666666667,0,6,0,3
"C9Mf-gBnoVFBj9TA1J9bYw",3.5,1,2,1,2
"CaP2S-hF9F_25nz4F36MmQ",4.33333333333333,8,8,2,12
"CaqZ_iB8dJh4jLBoEpji5Q",3.5,1,1,0,2
"Cb_KSJTVWrelur63rZVKqQ",4,0,0,0,1
"cBDdFfq1upVn-Vhyz1IS7A",5,1,2,0,1
"cblQ1wEU_vJFYTP1Gv3DQQ",4,1,4,1,3
"cCN5LAaQG7pINaOMUfTuSA",4,0,1,0,1
"CEKnQ0_G9EQ5TxbbdLQSjA",2,0,1,1,1
"cFjB43TnNe5PgsWCCxqgqA",3.66666666666667,0,0,0,3
"cGjCI55nAVmcI-fGLehbJA",3,0,1,0,1
"cH91AV1wWducoX0KBU_N6g",1,0,0,0,1
"cHyvp_BirL8QVbX6SbQgOw",5,0,0,0,1
"cI3j94bmUR9BwJPvHaif1w",4,0,0,0,1
"ci9mK1xSTvNCO8H2LYiAjA",3.6,2,10,2,10
"ciCokOYt0r0c72KosuPwEw",5,0,0,2,1
"CjFZ0XiBeICZ8Y2whl2b5Q",5,0,0,0,1
"CjxEODSbRz6BpsXoQG6IUA",3,0,1,0,2
"ClQ0dS0y-fWeZRTU5qTeBw",1,0,2,0,1
"ClSDjAYQ6Ftb49eGJfiBvA",2.47058823529412,5,16,3,17
"CNSIG9v9BRcRdQfTZvP34g",1,0,1,0,1
"CNXyre4sm19j-6vpscv7yw",4.5,0,1,1,4
"cO8vp8uImBp8yE1fZt0cOA",4,0,0,0,1
"CP-IE-zyc2Mv3jlaceElVQ",3.32558139534884,259,459,197,129
"cPwnDQ4bRFDygGMkzJFu3Q",5,0,0,2,1
"cqcFGIjYuHZliVw78vTPAQ",5,0,0,0,1
"CqIzfbr6-wiHD00T604s2Q",5,0,0,0,1
"cr73QiT3YTiPMnipjc7Z_w",4,0,0,0,2
"CTgxRtyIS4r-DBaAVAnmNA",4.66666666666667,1,6,2,6
"cTRntcP5Qs5n5wsK52pHdw",3.66666666666667,0,0,0,3
"cuKrjx91r3HNDDXi2YqRZQ",3.375,0,0,2,8
"cvnBCoNJ5nsjxfOm_Ej2nw",1,1,2,0,1
"CVtN37nvQo7frKGQ_GY6uQ",3.33333333333333,1,3,1,3
"cwm_3br1CTH8IO8ZwWzFLg",5,0,0,0,1
"CWQOBs0qw58tahumYRBREA",5,0,0,0,2
"CxAB6U90CLLklwrltyIFkQ",1,1,1,0,1
"CxJGyvl_8cWZCRvR_1Y0xw",4,0,0,0,1
"cZb4cRFpAwz77wNlJ_I3Dg",5,0,0,0,1
"CZDNTrK7qGSVWWurDSvPNg",5,0,0,0,1
"d_Uc1YGW2Q7h1RdPDC6PRA",5,0,0,0,1
"d1YdT46FoRu0hWgIIBPwSg",5,0,4,3,1
"d1zJj49Q5ikgvqQX0534RQ",3.625,5,13,8,16
"d2MQu3iEzDqcHQnaulG2hw",1,0,0,0,1
"D65iEWeiDCVF_76ICJwCpg",4,0,2,0,1
"d6C4SJLteb7ZqoPBZpbgXQ",4,1,1,0,1
"D6UanNuYWpQzZhLTDBmqJg",1,8,7,4,1
"D7eY-foMPnj5GGNyp_01cw",3,0,1,1,1
"D7jwKOWdE_dq_wYQkjB1vA",3.875,6,31,19,8
"DABuaLIxEPFV9Smi5RheFQ",1,2,1,0,1
"DAjQ93mJUADRb0gy-AKUyQ",4.25,0,1,0,4
"davqcAbwEHCL35nRFt-3rg",3.16666666666667,3,5,4,12
"DbeREwNZi2nf_Z0xOH_whA",5,0,0,0,1
"Dc3nvTY7eWjOFWM3lvAztg",4.27083333333333,7,29,11,48
"dd681DMwn081KKpT9i2SGQ",4,0,0,0,1
"dDajI9NOU2hPx1uI6kVT6Q",5,0,0,0,1
"DDCsDoBqEVXxPBUB40NAsQ",5,3,8,4,2
"dDSGiGsFGgIgHZcMHggEaQ",5,2,6,3,1
"ddttP5OfCJTEl2VEtMfRag",4.5,0,1,0,2
"ddusn0qejUfNEUqSWCDU_Q",2,1,2,1,1
"ddxX1lJh6iYmPULfuky17g",4.5,0,0,0,4
"DeffHV8JjOIE7TdjEbrbBQ",4,0,0,0,1
"DeZOnesFQ29edW6v5SVonw",4,0,0,0,1
"dF6IVBdYoUdHDcf2MLPV2A",1,0,1,0,1
"DfoCzsfFLyAxwM2XShukyA",3.5,0,0,0,2
"DfzdZfdBV6zlP1cLlJ_3Gg",3.5,0,2,1,4
"Dg2Vk9YuEY-Ne_JlhKfRlA",2,0,2,0,1
"DI1rxGlDPauL89WRAY_w-w",1,0,4,0,1
"DIHJHlxSoT49aHsOVgFsPA",4,1,1,0,5
"dihOuUPEg3sbEN-Qrt17wQ",4,0,0,0,1
"diRQUAGeRtJ5UjRrxjU_0Q",4,0,1,0,1
"dIwIEVv6kiCWtGi5zweuRQ",5,0,0,0,1
"djxe8DUKeP94Vavit2SqPQ",3.66666666666667,0,4,3,3
"DL0LRzrNnYvmdtIT0ZeKpg",3.625,6,11,5,8
"dl1shaNhR2QE4PJwxOXjug",4,1,1,1,1
"dlgW1kupFxDx6PpqwcTfLQ",3.33333333333333,4,6,4,3
"dm0SWmUSeLtDR5RRFz7e7Q",3,0,1,1,3
"Dngg6R24eGnEry89Tf926A",4.5,0,1,0,2
"DpBPwgoO6v9s2bIAOnWCTg",5,0,0,0,1
"dpffKNFbBkNmRf0zIbiANg",4,2,7,2,5
"dQ-1xUgYJ92RVaICnXgGQg",5,0,0,0,1
"Drkbz8w78LNvlSBNwm6Icg",1,0,1,0,1
"dsA1gQWiphUyXOC15DJW8g",4,0,1,0,1
"dSDqYV02-AUKgpIFwGXeYg",3,0,0,0,1
"DsoD6Nyv4n4gQpjIq_y5DA",4,1,2,0,3
"Dt3sS75q3PczAGx_bCW7qA",4,1,1,0,2
"du-v-Pn8vHUuYE4rplHyyQ",3,0,0,0,1
"DU4k-z7OYUGJVulZ83q51Q",4.25,0,3,0,4
"duHBgKnubDNGBDb8BgR1lA",5,0,2,1,1
"dViBg0apVjlyp869cJL3UA",4,0,0,0,1
"dvMQ7GSuX_3SVPYcnnzfuw",1,0,0,0,1
"dvmULw3tLYeIa-W4t3o6yQ",1.66666666666667,0,0,0,3
"DvMZBwfFMWz-slob5IYrnw",3.88888888888889,6,29,35,18
"dW_qgI9UI-DdamarVCCbDA",5,0,0,0,1
"dw2_UBKvV0T7euXzw16NAg",5,0,1,0,1
"dXrCTIV9BMHJsvL5BqYd2w",4,0,0,0,1
"DXrPIT5LRQtdzjLBMrSXvg",1,1,0,0,1
"Dy85t4kpa6mMZY11WZnjfA",4,0,0,0,1
"dyLbefl8ZOV824e-YbMzgw",1.66666666666667,16,4,4,3
"DYWYf5NoG00YtkcHdx9eIw",4.5,0,0,0,2
"DYy70w6j24EPqsx-o3uxpA",2.5,1,1,2,2
"e_ObLG11aAKacWlWFtRuhg",5,0,0,0,1
"E_Wc5PLprjk5MjdFKddG-A",5,0,0,0,1
"E-Bd5r6Z3zMGA75_D4IRKw",3.75,88,100,93,20
"E-ZCs-ZmPoann2QEA-Y9vw",3.53571428571429,1,16,3,28
"E0oFsRiCM7aYzqFOOFcKHg",3.33333333333333,2,5,1,6
"E0UeJ_SZssDzleiLd1RGqw",3.33333333333333,0,0,0,3
"E2o5O3j32jIpRLraJl2g_g",3.75,1,3,1,4
"E319f3zdlK5ECClabzauPg",4.2,1,4,1,5
"e4eDlHwFBE3KKSwJqPvVJw",5,0,1,0,1
"E4S3c1UVVAPbXCAtrXdXrA",5,0,0,0,1
"E4UYnshwJFa8qVmh8zSqeA",5,1,2,0,2
"e5l5O_yypJOJP0k9-lDrbw",3.5625,22,27,9,32
"e9Bi9l-XFKosonJaSXZ8_Q",1,0,2,0,1
"EAgM3dQk6YAkRNxg6V7HMQ",4,0,0,0,1
"eat7JlyqMP5Gf6Y4sYxlvg",2,1,2,1,1
"eAYHT4HG-xRcQ08p7WvX2w",5,0,0,0,1
"ebHMHZs-8VY09BpqwHy9DQ",4.5,0,0,0,4
"EC0R5ovZ1TG4wKDh4HBD5A",3,0,0,0,4
"EC7AZQ9hUa4t3V4kfSYmfA",3,0,5,1,6
"EdESlfJz_sHxf4fj51ysew",5,0,1,0,1
"edTIpVLls8uYacN8FvUEAg",3.625,2,3,0,8
"Ee6n17uyTOYFH39jvWDVCA",1,0,2,1,1
"egjC3fmQa-pNXUzf7jZ2Ew",1,0,1,1,1
"EhKX4TIsVSpx7U5-iOQh7g",4.4,29,34,38,10
"eicY263RLPCOLrNGSGekvQ",3.55813953488372,29,86,45,43
"ekpt39jcEinXxbLegQGjZQ",1,0,3,1,1
"ekWMmADTmIGMK7IWs36Bag",4,1,1,0,1
"ElEaHcgaX5fI-4F5V5Mdwg",5,0,0,0,1
"eLNXK0FaB5Snooc-0AjN_A",3.875,1,4,2,8
"Emr5hhPzKWKGa3i2FEtdVg",3.90909090909091,9,14,9,11
"eN4CnOFYGxM1S2mvkLL33w",5,0,0,0,1
"eNLE_y76REy5ZL4tLD3ilg",1,0,0,0,1
"eO-je5q1YejxFnOKSAUQUg",3,0,2,0,2
"eoVPU9tveDellFNnLJPzfA",2.5,1,3,1,2
"EPV_77-xLWBZfLIS16v8CQ",5,0,1,0,1
"EqBPlcCzCrzx4eg9LHfDNw",5,0,0,0,1
"ER6fXK82yIZEoms8W7R5AQ",1,1,4,1,1
"eRz_hwDf-kHjM6bpCNGPVA",3.2,0,4,1,5
"escFS11JW8AtPuEttl9IQA",4,0,0,0,2
"esuGSNMDslGkc4GKWEw8cQ",1,0,0,0,1
"eTi_BGkZRrf8WadUnhMr8g",5,0,1,0,1
"eTIs9usl24L8HOyt32cq8A",3.41666666666667,1,5,1,12
"EU_puBCHgl5AosUzEQJRMQ",5,0,0,0,1
"eUaeKe9-BIwEuDAk-RdI_Q",4.33333333333333,0,1,0,3
"EUmydi7_Ug5PLEuISHIDcg",5,0,1,0,1
"eV_xKFbwiRfuC1hiWrMveg",3.8,2,4,0,5
"EvCEgqvZdzX4LFB1S4fNew",3,0,0,0,1
"evZgJxoNWtzmpSYiMUI0JA",5,0,1,1,2
"ExEtGH13c2ECMltaIKQLAA",5,1,0,0,1
"EXnBwCsHGx043dzqDFt5uA",3.33333333333333,0,0,0,3
"ExtmCbrcj93lz_7wyUJaqw",3,0,0,0,1
"eY5qHQ3mE_wznEhzQqkaCA",2,0,0,0,1
"eyAXtSO0ECNBC5VGuoigaA",3,0,1,0,1
"eYCayngrN5KvOhs3wgPOpQ",4,0,0,0,2
"EYZqvbE24GIPxEj-709_xA",3.33333333333333,1,3,2,3
"eZ9OjseD4FHfZW-p70Rw-g",3.5,0,4,1,8
"EZJ2ly43bVYm5U-tIRYGrQ",3.66666666666667,1,2,1,3
"EzLtOi71bUSaWZip_LM0ew",4,1,1,1,2
"f_4u-Vk0NB_qknV3q8bUUA",2.55555555555556,2,5,2,9
"F_Hvxi3oMhdLX2hgAxt_zg",5,0,0,0,1
"F0bc9I4JIWkHmINuf8tKVQ",3,0,3,2,4
"F5OGEH2jk5sA_R4xBp2TPg",3.63333333333333,2,10,4,30
"f6GFozfJO8W214PMjQ36DA",1,0,0,1,1
"f7EuEBJVvel-f0pG_FnOmQ",4.25,0,2,1,4
"F8C1lM853UmUed3jb7j-_g",4,0,0,0,4
"f8uSi5n0EAgpFsEGSbFvkg",4,6,4,2,3
"f9-kQnqUhdGRALDvHEIXSg",4,1,1,1,1
"f9BqMQClQ0VVVNr_lC8wag",2.5,8,7,5,2
"fbemqc5XtlxCArVyPhlexg",3.5,0,4,2,2
"fBen2Nl94-hqmd0AQ4zt6g",5,0,0,0,1
"fbZTcQSyZXcY1bSwIedw7A",4,0,0,0,1
"FCaLhX_Cu4DH-5eOe_PWoQ",1,6,4,2,1
"FdYomE5-hd7Z73_1R4ITjA",1,0,3,0,1
"fe0GNBqTbAa6gh-3s4M9LA",4.5,0,1,0,2
"feQpvbp8jGBWMuG5uqbk3Q",3.84615384615385,8,14,9,39
"Ff93FfhHKbK_vJwLc1169Q",3.25,1,2,1,4
"FfaflQRBmEGnUfmExuK6yg",5,0,1,0,1
"fFnaNnsBfStQKXQ6ymYy4A",4.75,0,0,0,4
"FFnRrrutK-o1PcuiAKgJSw",4,1,1,1,1
"fGI7KjgdAjWEbr0YXkYhBA",1,0,0,0,1
"fGrhUMJgubyJ83EE1-TWpQ",3.66666666666667,0,1,0,3
"fHX0hv-KVS59Wk7nJTNYGg",5,0,0,0,1
"FHZ9erIjBY10Cl7uJnd51w",5,0,1,0,2
"FiBjwxapFrgrGMub_-nMrQ",5,1,0,0,1
"fIQ_z1KTqsDHAWyW089p2Q",5,0,0,0,1
"FISdfPPml1POLQkij20wzA",2,0,1,1,2
"FiV_jTl0zuPIvDOLHmKN2A",4.09090909090909,4,6,2,11
"fiyOnIEKBOgj00NJLwDBVg",3.45614035087719,213,276,232,57
"fJhACzWkGby_t4Ku7XsyRQ",3.875,0,5,1,8
"fJtfTA76IXo6CIDHvH3XAg",4,0,0,0,1
"FKeq_TrkAcK_jN7Kyl3lPQ",5,2,1,2,1
"fKfyj2ZV8aFKMXxuwfMANw",5,0,0,0,1
"FKlpOJ05FZno9-JqCBLr5A",4.36363636363636,0,0,0,11
"fKo-AG9XwyX7UcWdBebJFQ",5,0,0,0,1
"FKPqJrUW3KDRsaDOoxWEWA",1,0,1,0,1
"fkwMNy9p30NdncKxGrdhXg",4,4,7,1,10
"fl_3WyKJbSM5wGBBz7iZIw",5,0,0,0,1
"fNfLXX_ce2TQPrdHCqPzZQ",3.79816513761468,204,429,360,109
"FnqvvLHr85EqY9PSEPQ7RQ",3,2,3,1,2
"FP2Jpnbm5g8eTDPkBCZnLw",5,0,1,0,1
"Fpd-Q0_stZUq4jP1DtLxjw",3.25,10,18,12,8
"fpJfHsFqrUDfnyLQSJgCrg",4,1,1,2,1
"FpNkjcY3PeBD2WUpKB7kcQ",4.5,0,0,0,2
"FQRT0TmiKfKQcLpfPpmrpw",4,0,0,0,1
"FSpFbpXpW7R1UjZwQmIqWw",3.66666666666667,0,4,1,3
"FSxhJu087CenIG2KCjTA3A",4,0,1,1,3
"fTa--N7mqdPi7zXRQ3x3hQ",3,1,4,1,3
"ftburmG8fGb-Sml3_L78zA",4.5,0,1,0,2
"FtnA0h-YAlDdiVmLaPoyIw",5,0,0,0,1
"fuCEXs9MsD6DGE-5md6jrA",3,0,0,0,1
"fULvFpYfEl83HE5WIN4UMw",2,0,1,0,1
"fUmu2OulTy_TZ0gpmX0neg",3.83333333333333,1,4,1,6
"fuNqQtR7MtzcsiBXWkjucg",4,0,0,0,1
"FuY8E5MCQx01AXuQraFGJQ",5,0,3,1,1
"FV2Xi4ErO921iurdxqTLTQ",1,0,0,0,1
"fvcpMF-D3J2Ute1dRA-s1Q",4,0,1,0,1
"fVs2tdErVAPI_ZfbXW2Dfg",4,0,3,0,1
"FvT6mW6zMU6V_6hZJ7lg3g",3,0,0,0,2
"FwQnthYgB3M7BqbGiOykmg",1.5,0,0,0,2
"fz_a0N_gYWhe3OmCU_C5lA",5,0,0,0,1
"Fzfa_HD-8JHGCVCXV9vjcA",4,1,0,0,4
"fZZsjg-yYaXYbKLhU3De9Q",3.71428571428571,0,5,1,7
"g0esbBnDgOl7BX1TVVfOHw",4,0,3,0,3
"G0k2F5Pk9y3Sv3hLEuO3Wg",5,0,0,0,1
"g1HIuhIPGG6mgY3dOC0Bcw",2.5,3,4,2,8
"g2d-17qljn4xsDCo8jyVLw",3.33333333333333,0,1,0,3
"g2ihR0ZFKCEnKB7YPviuJQ",3.0952380952381,13,32,7,21
"g34pTw9ytV9Pfzb10iuYpA",3,0,0,0,2
"g3lKQKSonvRuxVHY-0N-Jg",2,0,1,1,2
"G4skw5bK1jJfTEiYxQiPtg",4,0,1,0,2
"g5vsaV35Mc9IQv9P_Hqirw",1,0,0,0,1
"G6vFXzXLRExzg8Ui99Hrdw",4.1,2,11,1,10
"GA9-h9rRosmKN-NzvyepLQ",3.375,28,30,23,16
"GaEUHXOK8KRxrf9m9bMmUQ",4,0,0,0,1
"gAJzSh7yYgdk5jJk6M6sqA",1,0,2,0,1
"gb2JIM7M2mj7thEjdbfksA",3.85714285714286,0,5,1,7
"Gc95-Bm3SI5HKbd2IybDsg",2.8,0,4,1,5
"gCp7czkUTcTSGwaG4ioRyw",4.25,0,2,2,4
"Gd8IEaGnqVzP1amUxulyxQ",4.5,1,0,1,2
"gdOgs5fB-hp9AWeB9tYYXw",5,0,0,1,1
"gdzmrSqphtyaOuSVVJzZEA",3.5,0,3,1,6
"gexMz-cHhzPA6-F8NHtUGw",3.33333333333333,3,1,1,3
"GFaNvkbnwES0ysDJqRMabQ",4,0,1,0,4
"GfQKzlNH5D6bFk5no9EkNQ",4.2,1,4,0,10
"gGxYDYL148AY12ZcNXFwRQ",3.75,0,2,3,4
"giGkOgn3xf6gXPa8ysHF9A",5,1,4,2,1
"GIl95kYA2K5Z5xqNU9Knlw",4,1,3,0,3
"gKaG_JWPLXZ6WTY27TNg7w",3.91666666666667,1,18,11,12
"gKL6lu1vN1wB2L0w9XMW4w",3.33333333333333,0,3,1,3
"GLjS8SsJVX_R86VNZ46vIg",5,0,1,0,1
"GLWXKxO6NF-jbEXXD66Bxg",1,1,0,0,1
"glXfOFL2WcqBKLMzey5Erg",3,0,0,0,1
"Gmkdv6CHbTQD2kD8TO15-A",4,1,2,2,1
"GN-S1pMju_7oXWbraT_0pw",4,0,0,0,1
"gOT6RN-KpjNU37YEUDrlGg",4,0,2,0,1
"GoymUzKqvET2QOZkIWZi9w",4,0,7,1,8
"Gp-UGDvk9KpI5cFhD4Lfgw",5,0,1,1,1
"gPaRnXxx7lL-byNoWpjmYw",5,0,0,0,1
"GPchh5Jw7Go8nhI7WqF-ug",3.76923076923077,60,91,63,39
"Gpi2FRnqQNSvHxZW23gQVw",2.66666666666667,9,7,6,3
"gPIs3KCHDqj2cA1TSOYyGg",4,0,1,2,1
"GPllE-GEttloigBHyM3vBA",5,2,3,2,1
"GPPHDWEZGjiw777_iTOJ1w",3.09836065573771,33,46,11,61
"GpW7VZnDXh4IyQjJSAlz8g",2.83333333333333,0,3,0,6
"gqb4eokDTrxZGV-hKVtoSA",4.6,0,7,1,5
"gQcA4dFT98V1rO1q7U-kgQ",2.66666666666667,0,3,0,3
"GQEYk9zC-zyQKIKhHTaGgw",3.5,0,1,0,2
"Gqjk0U8QKcPjLl92wTsksQ",2.5,0,4,0,2
"GQmw4SHwhKm8-F-zx804NA",2,0,2,0,1
"GqXDKXyh7wsqGetFMh3MdQ",3,0,1,0,1
"gR1h7kSGQ3r_OUlpqf1-Iw",4,0,3,2,2
"GrOTb4QwdQos8wGPM_OTLg",5,0,1,0,1
"gRWUMYcQ_psvO50FUVQxiw",3,0,0,0,2
"grXy_QBTsmOkHY3_5cUxTw",4,0,4,0,3
"gs3z4v2R2jFhp2A6W15DIw",5,0,0,0,2
"gSmt_sMXdrMG5Tgb8IswPA",2.33333333333333,2,6,2,6
"gTc_qgstyNpWjjJ_1MswZw",3.75,0,0,0,4
"GTlNnU21paMJ0Klb8yhzMg",3.5,0,0,0,2
"gV15lBJ87f3XfbsEm3j6wQ",3.75,1,3,0,4
"GvxV5TtSuvr9s1gH1itz7w",5,0,0,0,1
"GxmbTncdUoH-TPvD4mnRbQ",2.5,0,1,0,2
"GyqU6uwvakUfRGt2e71PCg",3.5,0,0,1,2
"gyT87T0OC8nbrxnhP1KCpg",3.86666666666667,9,8,4,15
"gZEkLKordwewtXyJ2e9YyQ",4,2,2,2,1
"GZeWS5stVD2v8WNiQRsWiQ",3.72727272727273,1,2,0,11
"GZoFh9dJdp3FYk6FLDXs-w",4.66666666666667,1,1,1,3
"GzYPB1hhTktg9asvF7ZVjg",5,0,0,0,1
"H_Qgdq01IxBlH-qGXltSwQ",3.45454545454545,3,14,4,11
"H_T2oIXMEUy_aBjzjCuYaA",4.33333333333333,0,1,0,3
"H-jGwdL_IBK9kWCoHVi7Cg",4,1,1,2,1
"H0BvRP94KltukvpJHn-H3A",3,0,3,1,2
"h0n_eiWTxQBOT6rsj_Hlsw",5,1,3,0,1
"H0s2VHH6OnZIF8dbLY6-qg",2.75,0,8,0,4
"h27WXN8gYmjPYr3Nlm8_9A",2,2,6,0,4
"h2heEPaqhuQTz-IC6csNjQ",2.5,1,4,1,2
"H2jcFGSS1n60jcKPBb-IoA",3.36170212765957,6,28,6,47
"h2qrPWFqWOExpQ-osYU6JQ",2,0,0,0,1
"H4JbSzSC3dZXF_9D9dAzqg",4,0,2,1,2
"h54u-aVp1Ot2rahWUIH_4g",2.66666666666667,1,3,1,3
"h7cq7F_IdB52UstfmGTumQ",3.33333333333333,0,6,3,3
"H7QwxPzjKKSVKhug8n9SlA",1,0,1,0,1
"H8ikDMdjlyltKwTT3YMABA",5,0,1,0,1
"H91mCcIikwg_ZzOyFy0S2A",2,0,2,0,2
"H9e7Rhi50Dw6qsBIFqnNcw",1,1,1,1,3
"hB7yr6-HI1keQT29NI9joQ",3.8,1,1,1,5
"HCclCzfZBChZ7-6l-QTFqg",2.5,0,1,0,2
"hcIuTUG_7Rs_qa6OBw2bXw",5,0,1,0,1
"HCzV0nbnwPg9T9p0P0Lupg",1,0,1,0,1
"hdGLjNckdZGSnrjXZiSlwg",4,0,1,0,1
"hDq2YuMHjB_7KvK8zZCCcw",2.44444444444444,2,4,0,9
"heBfl3yfm_Cph2JaHQCPfA",4.25,0,3,1,4
"HfNlSL159uALRu8SA_1RLQ",5,0,0,0,1
"hFOnqUIK-zUiAJPPUrzJ7w",4.5,1,1,0,2
"HgxsqL3FXpHlE3ZNiTw9iw",4,0,0,0,2
"hJ9Ux-MARyCHRCFjPueFuA",3,3,3,2,2
"HJDDXvyIoakWHF0Ik_S1iw",5,0,0,0,1
"HKMb9HrQYUUubsgdDw9Idw",5,0,0,0,2
"hkTFtAbe_yYfwv_c339Eww",5,0,0,1,1
"hlESMlY5ZZWP7c-wR-rrmg",5,0,0,0,1
"hO9-dMdO1oDOzcW72feVeQ",3,0,0,0,1
"HOAFwraJMBTcYy1qTmFmgQ",2.16666666666667,1,2,0,6
"hobGO9S0mUPLjptFwWfzsQ",4,1,0,0,1
"hoeiWis9f2xuVS_zr21evg",4,0,2,2,1
"HouW88pRV5llhJwFh6NDxA",2,2,0,0,1
"hp2anx4hTj_opww4MVYerw",5,0,0,0,1
"hPcne5WCiDuDDB4M1IF3iA",3.33333333333333,1,18,2,12
"HpQwQzcJyPrufcC-ub5IXA",4.4,4,8,7,5
"HQ4HnnYyj6d8n13jb4rAXA",5,0,0,1,1
"hqQietyMWhUDCoD8x_F3tw",5,0,3,1,2
"Hr_KERNN64z5madVaG7rIA",5,0,0,0,1
"HS_TT_rPCsQR84-uHkGFbw",2.66666666666667,5,6,4,3
"htC49ZwXiKNka5cp0GKBfQ",3.46078431372549,956,1090,948,204
"hUOO2IvDJfid5I3b-NLNPw",1,0,0,0,1
"hV2mUNpH3K5BvOyEwP5a7Q",3.6,0,1,0,5
"HvVAouY8g_cbvyOnaF1Ahg",4.16666666666667,0,2,0,6
"HwDo9w9xvfcR4RqxDzVuiA",5,0,1,0,2
"HWOgLMwcGgaUWWp03_DstA",4,0,3,1,2
"hws92rePVainOwONgFG2Hw",3.5,0,1,0,2
"hx1Rx84bYvqC5QkKrmbZjQ",4,1,1,1,1
"hXd2psqNP2GkyDMxUSzglQ",4.66666666666667,0,1,2,3
"hY5VrjldrsSz9pKMOTwLfg",3,3,4,3,1
"HZ_94hFyjqXPg3ehu8Tyvw",4,0,0,0,1
"Hzmyl65cPJKwiPwB3pxHTg",3,4,0,1,1
"HZPkhffLE79r8xj1JziueA",4.5,0,3,1,2
"hzZOwjY528hh4tAwNKjbDw",2,0,0,0,1
"I_lxOd_P3pEEymvNBauP5A",4.33333333333333,1,11,2,3
"I0_-xocpcOGGfM2WGo5ddA",1,0,1,0,1
"i20pIRuTve7kQQVWyOscyg",5,1,1,0,1
"i33jUMPSXOjZJSpOkQfiSA",3,0,4,0,2
"I4jTmDxnVWJ3gsmIrTxbQA",5,0,1,0,1
"I75jkqOEoSWfYznUGhDldw",4,0,2,0,1
"i7l1HwYN8fDtmA4X4CGZ9w",4.25,0,0,0,4
"I7m1HpM8q2zqxHnqUwDzHA",1,0,1,0,1
"i9AxMEwJeqThtvtoxf87Eg",3,0,0,0,2
"I9SKKm34QhRVsZQBnZsDzA",4,3,9,5,7
"I9TVtuQhcg6ejpexLzy0rA",4.33333333333333,0,0,0,3
"iBW6n_0yzFDn4C6_0sf62w",3,0,3,0,1
"iC7NVBmkzRl4rKEU5MWS0A",4,3,34,6,32
"IcieGosZlBs-vN0IxWkTVg",2,0,2,0,4
"IdRIUGz2Z64MXI-pTNUjlw",4,1,11,3,6
"IeEmBNQWYrnDeDCLb_uSYg",4.5,0,2,0,2
"iEeVFkekHAi3T9bI8MFBFA",2,0,8,0,1
"iemn3Lt-eSjiUBSAt9ZdBA",4,12,39,13,15
"IeUtPivGy-S9PX0EFKjqEQ",3.6875,2,11,2,16
"iF2XOSlVLW69ptyU_5PAhQ",5,0,1,2,1
"igTBFmc5LHNynHFE5_tIWA",5,0,0,0,1
"IguPuYTXfb3PKE7UQF9Jmg",5,0,2,0,1
"iHLfTXEigHASiCX_TpzgTA",5,0,0,0,1
"IHlo-8j7EGVzx3Yr6x1Z9w",5,0,0,0,1
"iJ9j-W0plZowGpqpYUFZVw",3.66666666666667,0,5,0,3
"iK88FGzhAnClBNNk3aYUWQ",3,0,0,0,1
"IKEiKPGgw_vk4CTNQHPf9g",4.6,1,3,1,5
"iKi-FUw5x7A220fVvEcNuw",3.6,10,25,10,15
"IkPYXmxV0L2hTaqerpUtJA",3,0,0,0,3
"il6RQX17f_Qxs-pssa5zMg",3.66666666666667,0,1,0,3
"ImRonI5kuTQFWUmPILQVdw",4,0,0,0,1
"IMtjbLfFSJ-9qP4IflVZsA",5,0,2,1,1
"IN2wXfbLLJMvMW5Qf0CsIw",1.5,0,2,0,2
"InAWMO7WD0QaEwWFwBrBVw",5,0,0,0,1
"iNnjjTBD5SgdqaAczeQ0Dw",5,0,0,0,1
"INOIvOJb-pSc4gqwpcFSQw",3.33333333333333,0,8,1,6
"INYvSQRp1FBDugJFOnhCyw",5,0,1,0,1
"iOWMWq4jYeRlbxCsrMJLJQ",5,0,0,0,1
"ioXyHvNmPlx3qItwZjx0cw",4,0,2,0,2
"ipdwGB5X9VGCLJGIIagGHA",4,0,0,0,1
"ipfcbC2UB9LKavDsadYHew",3.5,0,0,1,2
"IpopQlrJlbUXKVKOJ93m_w",3.5,0,2,1,2
"IqMxCdd65YL_Lapd3YvZfw",5,0,0,1,1
"Iqqy89mlRXExxeP8RZqCUA",4,0,0,0,1
"iQWm5R9bJg5aViMWD51pCQ",1,1,0,0,1
"iqYdecJi9jindqllazr_gg",4.66666666666667,0,1,0,3
"ir5FuJwQS-IeVA2QHAOaBw",4.5,0,0,0,2
"iRgYA4b_ZYDbrzeedgj77A",3.53846153846154,1,16,4,26
"IrTcXG-XwBcgrmcBxz2J-Q",4,2,10,2,7
"Is1AdI654Z3JQikWoiSgRQ",5,0,0,0,1
"IS45qrEWY4yZbwHeAFnSZQ",5,0,0,0,1
"isadcarBXGj0E8Viz3XwAA",3,3,8,2,2
"isdxW53gec1hzQbDCRAGKg",4.5,0,1,0,2
"IslEz0sjfCRFKTJzaZqvQA",2.72727272727273,3,2,0,11
"ItItcFWhsXHixIZy-MVJ7g",3,0,0,0,1
"ItLnXJx4M4dM4gQFJLS8Xg",4,3,5,3,3
"Iu0umsCPTsGcItcfdz31wg",4,0,1,1,1
"iUxNZn1NBjtlUwmZdGegdA",5,2,2,2,1
"ivFOfAlY_dpyHHWKFgyVXQ",3.66666666666667,0,0,0,3
"ivjitDXvMlGZMoG813UD5Q",4,0,1,0,1
"IvOV0l5hdbhbx7N-gIg7AA",3.25,0,0,0,4
"IvRIPcZVxwpBP-fycfSl3A",1,8,11,8,1
"iw14LAmDOesphvxtPVKZFQ",5,0,2,1,1
"Iy_GQrVDnuKxTR_GGhejww",5,0,0,0,1
"izNHsxO4hBLusq1m8RTvEw",3.66666666666667,0,1,0,3
"j_M-tdeUjFZomT2Dj_vcNw",3,1,1,1,2
"J0Bls6sjbaK-ZrusNnARyg",4.66666666666667,1,2,2,3
"j2_4VhaUsH9Agv1soMbtYw",3.83333333333333,11,17,11,12
"J22xKV4IMSj_dfyjtzBs0g",3.5,1,3,2,4
"j2eM540C7mbF1TZvCMTluA",3.5,0,1,1,4
"j2sJIhsyDGAn1_2TA8uClA",4.25,0,2,1,4
"j5ThEB7aE0z8g9jeq7ImgA",3.16666666666667,1,8,5,12
"J5xhIPq2sbEM_m-mdVC5tA",5,0,0,0,1
"J6iQnpTofjiiMFVpXRe8kw",5,0,0,0,2
"J97h3WVYQQoJQH42lTRFjA",1.5,1,1,0,2
"j9C6U0Zv51G28Bk4c7E3BQ",4.5,0,0,0,2
"jB1u_xoLezgKeXhVZEZqoA",5,0,1,0,1
"jBCbHpRaE8ONFzSaXS05PQ",3.61538461538462,15,33,18,39
"JBZOQrVpxorqgqyz7w3Prg",2.83333333333333,0,2,0,6
"jC1piJSe0r1HKmp3YFXqMA",1,2,4,2,1
"jD1ex1j_jfrU69H54QqLlA",5,0,1,0,1
"jF12WNhAmNjZoeoRaCU7GQ",5,1,0,0,1
"JFgO75_-MC18-_s0lAO5Vg",5,0,0,0,1
"jgeY_HahI6GQCFXhMBTrVA",5,0,0,0,1
"JgS8p-g-omZtdjLpJpPNHQ",1,0,1,2,1
"jgtQmeqidA4V9fJni4O1-Q",3,2,1,0,6
"JHF6TopUZm2A7iSxnC2KLQ",2,0,1,1,1
"jhHCbN1H-8yyQpQHwkgjJA",5,0,2,2,2
"jIlFCOT7BUKIQiB3XSm0bw",4,0,1,0,1
"JInvoKoR5O1f-4lgGi2AcA",2.33333333333333,0,7,1,6
"jjOUTdiCnvPQYx1cTjIS7w",4.5,0,1,0,2
"jjYaIYmDg2imbJPpUiwGKg",3,0,2,1,2
"JKc8JB3yZ6ijd05dyGLCow",3.5,1,1,0,2
"JKEivxtOTnWzbdh29eM8NA",4,0,1,1,1
"JkVP9S9tUyzfavsDQMgYzw",3.84615384615385,1,2,0,13
"JKY0lwJP0f9ZQVJkg8XS4w",5,0,1,0,2
"jm_Ac3DphB7Sgr4OzLJhiQ",3,0,1,0,2
"JmD2GScxUL0PgQwLINhU4A",4,0,0,0,1
"jMGNNb-vpLcwFikrxIlTkQ",3.30769230769231,10,8,3,13
"jMkR8TaxP2ZZ_PMffa8fgg",3.5,0,3,2,2
"JnAGZh7rjuz-6nKXitHUwA",3.96551724137931,4,10,7,29
"jnBm51LNmoEaLUZB17XrIQ",5,0,0,0,1
"JnDcxjJPCm4LbDF72l4nqA",2.66666666666667,0,3,0,3
"JNFzVLBBE1wSAzXEK0rq7Q",3.75,0,5,0,4
"Jo1zPMTQCP-qxQkSCOj7Bw",4,0,0,1,7
"Jp2x0JOXVdRBthyHoo6NWQ",5,0,1,1,4
"jp8oQ8VJUtFhgtaS08nGxg",5,0,0,0,1
"jpsSMP7cUpEN4oKlwKu8IA",5,3,2,1,1
"JQCxnq3SnqoHtNd-4QGiRw",4,0,1,2,1
"jqs0xPGhZwlyijqWLEgRyg",3.38938053097345,60,166,76,113
"JqwMCG0g2DwFEtnwVYFXSQ",3.75,0,0,0,4
"Js7gkU90jhEGCZZ80W7u0g",5,0,0,0,1
"jSpmgqnzXY3iU8E0HkG0ug",1,0,1,0,1
"jtM1GGAScLyrsdo9h7g3cw",4.1,2,10,7,10
"jUKe28sTvzssaWIM84JkkQ",4,0,2,0,3
"JUM4K4ycYHNMTC3ym9IzwQ",4,0,1,1,3
"JuQIyyxHt-ghfd83UJeuHA",4,2,2,5,3
"jvMdbIhqRWG1fzO1qN1yLg",5,0,1,0,2
"JWoEudEzcN0BP-yeHAiE1g",1,1,1,0,1
"jXj2c5sEOoHIc59-BSkxEA",2.2,1,2,1,5
"jxXlAaO_8vsW3oOSKmmxMg",4.25,2,2,0,4
"jZDYhZY0j2MLe2jHK1x3hg",4.33333333333333,10,12,12,6
"jZK9oNsuWe4qtX5KBt6Dqw",3.875,0,3,2,8
"jzWUbmK5fFjRmrUvKeS_bw",5,3,3,1,1
"K00soIrGWkT2WepT1h7PsA",2.2,0,0,0,5
"k0VVZ1ESCb3DZNdBFQXdbw",4,0,0,0,1
"k0yZtO3y-PjQ0PXNEA8REw",4.5,0,1,0,2
"k1ACFw3wmqkNGoiGeNLc0w",3.68965517241379,35,61,49,29
"k3nRVafhnj-cdZLyfCF3PA",4.5,1,2,1,2
"k4MFlFwLEvDaMqwP2mrqKA",2.33333333333333,0,2,1,3
"K8CwdrpDsc1CU_DCuurhXQ",1,1,1,0,1
"k8QnA7UNbe5DBCmYqxYs8Q",3.5,0,2,0,2
"kAY3g4QY9TIX6aNQ-XnX0Q",4,0,0,0,2
"kCI7ZlHjzw2ZOslAVt_KEA",2,4,4,4,1
"kCm03aY25r2mQnBWPaILvg",4.16666666666667,1,6,1,12
"KdJBVfIz0j2bfRRVMfir2w",5,0,0,0,1
"kDtJd2UaQ_y7QfYU1jwEyQ",1,0,0,0,1
"kEB51vr5oVuWa3cDmHTM7w",4,0,1,0,5
"KEfDoo2m-zg1Vx8bE3Jmrg",5,1,1,1,1
"KehsH-jOkQ_Hv8P94s5How",4.5,0,1,1,2
"kEtvErnYZZloXTGfgNccdA",4,0,1,0,1
"KeW8Pmr7IEzBAHBWvwV9AQ",3.33333333333333,1,1,0,3
"kEYj-5fqH66_Ft6YoAflxQ",3,2,2,2,3
"KFNRDb_vJPM6tZ1HvPE7MA",5,0,0,0,1
"kGELmMMIPh0DWnfJalYnIQ",3,0,1,0,1
"KgeU-NH198TeRRdZItsM2w",2,0,0,0,1
"Kgg_5zuZLqg4awv2tyzKyQ",4,0,0,0,1
"KGXmojW7Fq2vg6jS5bD02w",2,0,0,0,1
"kHc_befpiocT5DXu4lQjxg",3,0,2,0,1
"KIIUezwXntfQ1TPboPosTQ",4,0,3,1,2
"kJRRPfvLSW4f159ajcGjeg",5,0,0,0,1
"Kk96_AVkn2Var-LZ1RApdA",4,1,1,1,1
"KKOkUZM9KciNKY0IguGBDg",4.5,0,0,0,2
"kKr5pwxTC6hL16WGZLvdHA",2,0,0,0,1
"KKz4r-HjYamPsy6abg-cAg",3.4,0,4,1,5
"KLAHSN1rNCECYIuzXIBF9Q",5,0,0,0,1
"kLWFbGsyzulQWU4CqYD7Dw",5,0,3,0,2
"KlzpEfSiETdmvUNIOwVz2w",5,0,0,0,1
"KMJzSs91VOO2Qsd7_U7XcQ",3.5,0,0,0,2
"kNoJOBs6yFuEE-HFkSLcww",3.83333333333333,0,2,0,6
"koMojpi1VNdwHDYnmnwpXg",5,0,0,0,1
"KoRfqe3UAbJzzVDnXsMC4w",2,0,0,0,1
"koxaBzK7GSHpAA1BLw2L5Q",5,0,0,0,1
"KpC10_UEJuga43WadHCmYw",3.49180327868852,8,23,7,61
"kPcf3c3JzkkyeLaOfSmC0w",1,0,2,0,1
"kqSzpIDvYBSurhECjL-3vw",3,0,0,0,1
"ksB4N7YvPZVHNVs4h6TlRA",3,0,0,0,2
"KTCxlnhb1_I57cWNcN5bmw",3.66666666666667,3,5,4,3
"KTHYCuYP6qqQJlQQ5p4R9g",5,0,2,0,1
"KtrSxnWC0I18huCAfjAAcA",5,0,0,0,1
"ktwR2EJzqPWFNGwFwoEKbA",4.33333333333333,5,8,7,3
"kugEMm1WN-XXcNYGCsGAtQ",4.2,1,1,1,5
"kuoHKk9wFhzIVPpNh9IMsA",2,0,2,1,4
"KuPscbI0KPxudSMPZIcrCA",3.43589743589744,18,30,6,78
"kV9mBj3-pQiuXVMJtGipGQ",2.66666666666667,0,0,0,3
"kvKekXVsfaeIt69vy7DieQ",2,1,3,0,3
"kW98Z8PbgLDwbZeKHTgMnQ",3.54545454545455,11,10,7,11
"kxkSLdBtNtgjLr78-GlS7w",5,0,0,0,1
"kyRQ-OFe_VdZgaP2WHT4Jw",1.5,0,2,0,2
"kYwhWKgj7x6tgeNC9uOu0w",5,1,2,0,1
"kYzXnJwiIyFE3X_rlDXXNg",4,0,0,0,1
"KZBMpJ9MxPGm2OL6LFKGmA",4,0,1,0,2
"KZpaNArCk2P3qbsnY3DmOg",4,0,1,0,2
"KZXop1WqIs-IHTYVabwHsA",5,0,1,0,1
"l_7Oi3-N8BOKYxned9bO7A",5,0,0,0,1
"L-0U-gDkb-TdpmKHwDJBsw",4,0,0,0,1
"l-mt2osx26NqUjs2D_3JDw",1.5,0,1,0,2
"l0FbmYc0YG7-YlmyB0QDHw",2,0,0,0,1
"L1FsPljsttcBM_QS6YHlzA",4,0,1,0,1
"L398oHhsb2crsyWRywocDg",4,0,1,0,1
"L4MbbtLuD5Ro47zOLvstxw",5,0,2,0,1
"l5qC_MYGPwNAbFGsnxDc9Q",3,3,3,3,2
"L6ZjG-TMH09kadoTEvxcbQ",2.5,2,8,2,8
"l8UwUSwRYrwLmiWuRJ8cXA",2.5,0,2,0,4
"L9_zl1TNcXuQmTUD2mpzEA",3.71428571428571,0,11,6,7
"lA7cqoSDn6_htYBs6GU8Xw",3.33333333333333,0,4,2,3
"La9DjptqdgqpkDpcGQtNhQ",2,0,0,0,1
"laAGLP6AWMB8ij3aTDC6Ag",5,0,0,0,1
"laC-tLcyqMSegOZAWDM4ew",2,0,0,0,1
"laGVkQka2fPhOXWB_Vv5zg",5,0,0,0,1
"lB3dezlCfX_VVF-ysQ6efQ",4,0,0,0,2
"LbxvmdVEC9WU5zTk0giHhw",3.14285714285714,2,5,1,7
"LbyUvCM6pYt8auAYyBk7lg",5,0,0,0,1
"Lcrmu5W1vUOzun2M5opBEg",1.5,0,1,0,2
"lcRZCjvxzsjutDp5srgB6A",5,0,0,0,1
"lCVLT95VUnlZfboVoZJCZA",3.81818181818182,22,88,38,77
"LCZ6RRR6oI-oYlwIxUX2Kg",5,0,2,0,1
"lFa_Rh34tK6hSPYAZZ8Jyg",3.69491525423729,162,257,195,59
"LgQDNyfHeeAslFw78aMuwg",3,0,3,1,2
"lGTK1lWFHMYh3V_nlHl0ZQ",5,0,1,0,1
"LGv3w9S0p4YaYx0wZAhxwg",5,0,0,0,1
"Li5WZKEP243vOoQeP0ftiQ",2.85714285714286,0,2,0,7
"lIzSsr7Orq1zKaqNe7S_Pw",5,0,0,0,1
"LJrzY0BN_OT4NplaVUk6Hg",2.66666666666667,0,0,0,3
"LjZgLG5vEGQd9dPUmsOcQA",5,0,0,0,1
"lJzyJMwtImxWbZ7Eps04Mw",4,0,0,0,1
"lk9OBp3_I00LaSU_JXktTA",3.33333333333333,0,1,1,3
"LLm55sQollBQasBxXOMGOg",4,0,2,1,1
"LLrHF7kRhNB1fvVkfJs0pA",5,0,1,2,1
"lLx7RSsEtt4JmNQmik236g",4,0,1,0,1
"lMyIRJlH45ENLiPmDiH3aQ",3.66666666666667,1,7,1,6
"lNIa9xKYLpEHAqjqyQcFWA",4.25,0,1,0,4
"LNOSAWJOKbesMvtVbBYMRw",1,0,0,0,1
"lOCc1xfCSx6Z907mpFzr6g",3,0,1,0,1
"LOeknQjMbZP_VWH2Fk8i5g",2,0,1,1,1
"LOZgMx3mJPzmCVtlJ1KpfA",4.2,0,2,0,5
"lP4H11q0O7u9qX_nWPijhA",5,0,1,0,1
"lPJEre9nzvkQz8CVcVpZVA",4,2,1,0,6
"LQ0Pl8NZTUDjI7xTyJyLKA",5,0,2,0,1
"lqG8cr7TAnIePvgnRWz6lg",2,1,3,0,1
"LRdv5CaEJvBVfxU4_1a17g",1,1,4,1,1
"Lrpmttz15ILfYCw5yj-Z8Q",2,0,1,0,1
"ls9kni8Vsz6TGGcVbtPPZQ",4,0,1,0,1
"LSI50rIz7ZxYADaxHmX5Hw",4.5,0,2,0,2
"lsl_oIyLM7DPqljiDoZjwA",2,0,0,0,1
"LtDxKcpxHX9APyhHDw0UvQ",5,0,0,0,1
"LTPOITOC6s_Txf4rbPI-5g",4,3,7,3,5
"Lu0khc17PQDxwmNg1VmnKg",3,1,0,0,2
"lU2poU69IZCvCBqPGlIfQA",1,0,2,0,1
"lU9vAOqFoL5gnxQzlJv2Dg",2,0,2,0,2
"LUWiaiA8l3X41x04YBQEyw",5,0,0,0,2
"lvsZrxHuZ_IYJtk-MgO5vg",3.6,1,4,0,5
"LW54om8YnBTilDZJXvZVdw",3,0,0,0,1
"LwOp1Kq3gtJja8FPGD6tLQ",4,0,0,0,1
"LX3cTVaS8f2UF0Uuafsfug",3.03676470588235,120,130,53,136
"lyKuX4icXqougFYWtlmqKg",4,0,0,0,2
"LYmXB7pIWer42UBINaxiuA",3,2,2,2,1
"LzRTKMxDdOmWNRw53bZ2sA",4,2,3,2,1
"LzWaP8Z0aJSpWh00dyNBnw",5,0,0,0,1
"m0Ppm8BsTI0rCiwhKiFUMg",4,0,0,0,1
"m1Pp3Naq24MtdhkAlCfJ_w",4.08333333333333,1,4,0,12
"m4dt9K_EFrjuDqTjy5UUJw",4.15384615384615,5,11,8,13
"m4o0nG8guyE9hfenLcyzlw",5,0,0,0,1
"m5J__Nrgzw-TDP81oNLWYg",3.83333333333333,3,5,1,6
"M6sXuJ1WMTL5WX2ukD-OHg",2.33333333333333,3,10,3,3
"M9HJ0uOqHDEd9xc5LVmfdw",3.7,0,3,3,10
"Ma2KdRdw74SuDbuh-dwsdg",4,0,1,0,1
"MAqnOR_cgAypjYI-gc9wEw",5,0,0,0,1
"MAv-dUaRmgsOb6g8HYbmTg",3.33333333333333,0,0,0,3
"mB7L3nG3-sls1j8-yMz51A",4,0,0,0,1
"MBLcbQ_miC1c11cfXQRKoQ",3.61538461538462,3,32,12,52
"mbq8G7okOT-Gm7gFUcVtVA",5,0,1,0,1
"Md5L1BrEHJJc_11de2VL3A",5,1,0,0,1
"MdElPKVwRKAzbgwhkn2QPw",3.33333333333333,0,0,0,3
"MEm5jMXMQvjVsc9EX-8o8Q",4.2,2,7,1,10
"mEuy3PqtKQgZOzNecO-3Qg",3,0,0,0,1
"mEx9JOykJZ5INh1BGUyHfA",5,0,1,0,1
"mGroBp3_AeNUEFB9sAS1Iw",1,0,3,0,1
"MHGiosR6LPL88uAEWajkTQ",4.5,0,0,0,2
"MJDp9ZQLJ5lmL5rkdYfdEw",3,9,13,10,1
"MJyONJfSTzm-3ZxwvthaUw",4.5,0,1,0,2
"mKBXW25NN5a0aRrcV2LY2g",5,0,0,0,1
"mkJzYKrkhkduxMOQW1Qs8g",4,8,8,7,2
"MkLv8wA2AoGFnT4UOZWonw",4.23076923076923,2,6,4,13
"Mmu71kQx4bgtxAHFVfo73A",5,0,0,0,1
"MNRR92gVUhzPF6vs0EAA5w",1,1,1,0,1
"mOCvuJR_hO57hE8Y3osDCw",5,0,1,0,1
"MpBp664Gkg5kZgGck3SUXA",5,0,0,0,1
"MpmmTplHAJtSGqSjAqOeFQ",4,2,3,2,1
"MppkYbypgGl7h4pCWWM3rg",4,0,0,0,1
"mpsfh00dlr9MJScHqccqlg",5,0,0,0,1
"mpvBDSWFz0ChNcaKTkImfQ",5,0,0,0,1
"mPVzZ4I7MF2NwZSSBp15TA",3.5,5,10,3,14
"mqeNQ4vcv4SSgg2M4lGSsg",4.5,3,3,4,2
"MQiH2r_YcOvDVjRORz01Dg",3.5,0,0,0,4
"mqIHSMuVX_UZuyK-2Hux5g",4.5,0,2,2,2
"mRAPMBM3dbw8KXNit1aDCw",3.41935483870968,7,38,14,62
"MRfnNxJ3PSwM8jLS0skVdw",5,2,3,1,1
"mRO7YbJ_pHKcbUDmEgC3dQ",4,0,2,3,2
"Ms1mA7mIltssSBm-bSly1A",4,0,0,0,1
"MSKB7IQw_b_icyhED0Fj-w",4.5,0,0,0,2
"MtbyOeiuN6_Z0cAr9D8FoA",3.5,0,1,0,2
"mTee424bU1YJMftJCwWIpQ",5,3,5,0,2
"mtRDbvRoS3NhuQbBQwixYA",5,1,3,1,2
"MuCo8FYUJqhBwy5ywDINhg",1,0,1,0,1
"mUjbI0wT19otyxsoxuOyTA",4,0,0,0,1
"mUoDdcplE840_WZboPkJOQ",1,0,0,0,1
"mWa_7TJrjQ_Y4VOLZw_49g",5,0,1,0,1
"mWFC0NDzJh27ku3G_ILNwg",3.6,22,28,29,5
"MwFIzGzYbep71j_jmPEw6w",4.25,0,4,2,4
"mWIEBT_Y_tmzKBiGI2tKpQ",4,0,2,0,2
"mWyKa44bU-Lws9hGROoXMQ",5,0,0,0,1
"MXlWAxGO67ZbaLBgv8gI8A",3.57142857142857,1,2,1,7
"MXXqTl6Eeb6HT9bjIvd_mg",4,0,1,0,1
"MyNlp_WxMocDhWAS16jHzg",3,0,0,0,2
"Mz4C1JmN0kaDIvy-GspOuQ",4,0,3,1,1
"mzi8YwR7JgskpqEkSobpyA",3,0,0,0,1
"n-cawb77DP86z_E2qmwRYg",4.5,0,1,0,4
"n0C-cPTVzv6EPAQX51OclQ",4.72727272727273,2,4,4,11
"N1ks5lX2Lu-OLBr5A5W91Q",5,0,0,0,3
"n35MyrhjfOHbkxuqGSDYjQ",4,0,0,0,1
"n3SqvL7SZ8RAZhTXYJc7eQ",4.4,1,3,1,5
"N4h_3ZR-7slX_BeaokL7kg",3.83333333333333,0,0,0,6
"N5lS1Q1GV1Od5PXmP35M3Q",2,1,1,0,1
"N6OtmsQDNthAePPyNx0UAA",1.5,2,2,0,2
"N75Kyq4pW2Kz1Yac5QbZ5w",4,0,1,1,1
"N8N0FDyHnZzpDGiKvzw0yA",4.33333333333333,0,1,0,3
"N9hoIdFcTiEzqHypxfu1Nw",5,6,1,1,1
"naJkDAxLvIvNz-XaTwGk2g",4.5,0,3,0,4
"NbbeXKiWncKBMjMEx2YOmA",5,4,5,3,6
"NBH3XqNs3iUk5bP-CBFb1Q",5,0,0,0,1
"Nc_KHs1GNT2lgTLkHo8axw",5,0,0,0,1
"nCH3A-ItZBcX26RiHM5Kkg",1,1,2,1,1
"Ncu9PhY0HCKkYkQntuUENw",4,0,2,1,1
"ndapj1BktL3Lvp872sGXWA",4,0,2,0,1
"nFZluhUW5sh38hcEQRIiMQ",4,0,1,0,1
"ng3hl9D1EzsmSDHnXXfGBg",4.71428571428571,5,8,5,7
"NG9gXWHQIESxfUEcKjA7gA",3.8,0,3,2,10
"nGAfowkyZ7iXUGn3qyry-Q",4.25,2,7,3,4
"nGbv77Isldl2N9rQz4RoGw",5,0,0,0,1
"NJ4kbLCgdHI9i_D3uSmE_A",2,1,3,2,1
"njSl_LlFRUHH0krdDOdYAA",3.25,0,1,0,4
"NKZmq_j0g_MRgIIvGdBCiQ",4,1,1,1,1
"NLCFdOpNwk2CzR5iQhIg2w",3,0,0,0,3
"Nli5aZg522P7nnlhUM5x-w",5,0,0,0,1
"nlLreFlNSE8bK0SELdDo1A",4,1,5,2,4
"nlUEYptBWJasE3962Ngmhg",3.66666666666667,0,1,0,3
"NLyucMaSc_oSTJXVWg_iMg",5,0,1,0,1
"nM3vfxr6fcnN_nXdzwbVCw",4.45161290322581,94,150,106,155
"nMK0YDCFt6OyJFebjBmXuA",1,0,1,0,1
"nmztWUc9gAO76-1vn8M09w",3.5,0,1,0,2
"NNS8Wty5LlJyJexdfBhYCw",3.66666666666667,1,4,3,3
"NoJ4qOO86-yWfUhYdMEcFw",5,0,0,1,1
"nPBkQ54WgN-BjVCSBagCnQ",3.45454545454545,6,18,8,11
"nQFH-K2iqoSB4Ic3lYPW3Q",3,0,0,0,1
"NRkeHLqBvFw8TjnCYsgLjA",5,0,0,0,1
"nSS1P9FzT0ivZPkoxmHaZA",4.5,0,2,1,2
"NsVvJ16TMIx5_-GwugAPgA",4,0,2,0,2
"nT8v1ljwuh_Mt5lBkO0gmw",4.66666666666667,0,1,0,3
"NTD7T9g9rKvAuOfAeGS2VQ",5,0,2,1,4
"NtuhqUmEoS-xuml6jecYuA",5,0,0,0,1
"ntwsX7sKUV6-1rffsTDS1A",4.5,0,0,0,2
"nuy_yykGDerqnoE2S2gWaw",2,0,0,0,1
"nUyME-PXSm8O9CBQSYOSPw",3.66666666666667,0,2,0,3
"nV6HtBgzG25_fq_bvqZ31g",3.71428571428571,0,3,0,7
"Nv9hPtM0UcTLWH_OVrsCcA",5,0,1,0,1
"nxbp1AUrbHXlM0cscZ0SZQ",1.5,4,6,2,2
"Nza2x1X87hk4AEYIwsG7Ww",1,0,1,0,1
"o_QgDjZmldkhZusVVvSPdA",4,1,0,0,2
"O0rUAVg4TCe19pBkkIrKSA",4,1,2,1,2
"O2KEzHQ4Qfd7UDnw0T024g",3,0,2,1,2
"O34JOMKDtXk0Qbk_yCWHTQ",1.5,0,3,1,4
"o3Gt1TWOjeyvMjaedoIqIA",5,0,0,0,1
"o4FO1hIiS4W2-i2QImJu0Q",5,0,0,0,1
"o4mzRnNMeLIvWeCRM78cGw",2,0,1,0,1
"O7lCZvfLCUDupjgL6C_O8w",5,0,2,0,2
"O7LlFfU5iImfXuBB-pftyA",2.36363636363636,47,69,56,11
"oAILsj474ypWoCgF4X-_2A",3,0,0,0,1
"OAlUfbiwOv1ABDAzOgRjdA",3,0,0,0,1
"oAX_JHBDTcvtdh9Ck-SoyA",4.33333333333333,0,0,0,3
"oaz8Fhe38u2DbeTguvLkPA",3.33333333333333,2,2,2,3
"OCiyaqz1BlfgddS6Lp0S6g",2.5,0,4,1,4
"ocLSecaRLhCTp9WhUXwN0Q",2,0,2,0,1
"OcrBYYHdmG5siBi1wUkoYw",3.5,0,1,0,2
"octkCjvkVaLVdtGPFEWsig",3,0,1,1,1
"Od-H9HkTG4PgWGJP4_pFGw",3.625,0,7,0,8
"oDIUDsw1lL-pXDpVk7L8AQ",1,0,1,0,1
"OdM07OfjKUkb6mpGQQETMA",5,0,1,0,1
"ODzzv4W_ROoY-nOCmvybqw",3.66666666666667,2,5,3,18
"OEiokVqgAI1UUE_er_gpAQ",5,0,2,1,2
"OflPzUUfJp5Tza8R5pJq_A",5,0,4,2,2
"oFNEsNspEwj7qyXBumwA8g",5,0,2,0,2
"ofOuOdYdTtCu8I8ndKc9zg",3,2,1,1,3
"Og1RDwM8WwA1ZUxRvPXcOw",4.4,19,39,29,10
"OGrOb2S0XsdO3FbxLRt2dA",5,0,1,0,1
"ogsX7u6QyU6T_LSg-98qEQ",4.25,1,1,1,4
"ohmfeuhYeCAx4H5BAS4eNA",4,0,0,0,1
"Ohp8vOldF2J_5ZdmtOy-XA",4,0,2,0,3
"OHVMxQFtT0eU9geORhLxqA",4,0,0,0,1
"ojA8y6WEG8IlXzdmu4ldAg",5,1,2,0,1
"okg9cYW3_ksz6vd1_OUBMQ",2.5,0,2,0,2
"om7zgnSTJJReOk0dKozt0w",4.5,0,2,0,2
"omh7lD4jDqIc-6lZy0JWGw",4.3,0,3,3,10
"oNF84HkTTH7mjxCiaevuww",4.33333333333333,0,0,0,3
"OnnJUhgABaBiC6Sh0hDkrg",3.66666666666667,7,8,6,3
"onWc8uutW3q9q8KYdxqvZA",3.41666666666667,4,7,1,12
"OOAeidumxAE8fvEjIbxdrw",5,0,1,0,1
"OOzsB8nI8MgD5G-egvstGw",4,0,0,0,1
"OPPth-AWRY8S2PGbxEK9iw",4.25,0,9,0,8
"Oq_pS3BSpvBYieKI924SrQ",1,0,0,0,1
"oR0d2DltBHJxLcfhcrrmhw",4.33333333333333,0,1,0,3
"ORef2zSpoCwGsLqS3OUykQ",3,0,0,0,2
"oS8poxa_NlItn9JcC7_bxQ",1,0,0,0,1
"ot5qn5WO6-QEtum3V_Ns-g",4,0,1,0,1
"OtG4_P0LErlbtzzz4gFYfg",4,0,1,1,2
"OVoUEUPgwmFchNZgtQgf-Q",2.33333333333333,0,3,3,3
"oW1udr2ah28rE6mtnHsjlg",5,0,0,0,1
"owjOFpWNmTLldIsrVYCgKQ",1,0,1,0,1
"ox9aEGJAhuKQTR3IirnpRQ",3.5,0,2,0,2
"OXHp26cekre_S3UWeRB2Ow",2.5,0,1,0,2
"Oz0XuMILEjSFoQ8na4k0Wg",3.80952380952381,19,41,28,21
"OzuszoWwjutP9m8Eaf3nYw",1,0,0,0,1
"P-9g9-6OriX0ElKpZknUKA",3.86666666666667,0,2,0,15
"P1FvL2GEPJwJDmC1Ke5irw",4.25,0,0,0,4
"p3mKmLQUnJYz5YKoWllv2A",5,1,1,1,2
"p4b5OAEp39fRr39SaR5jQQ",5,0,0,0,1
"p4nM3nMNFDqrFTh4fRsFzA",4,1,0,1,2
"p5UzjDP2fgU9eOxjmBpzpQ",3.33333333333333,0,3,1,3
"p60LV4-we31joKm4bH9d0A",4,0,0,0,1
"p6Os13EIOkUOUK5pzd0-ag",4.4,2,4,3,10
"P8A9l3x2_UIMsNyO1NOndw",5,0,1,1,1
"p8pBnwn_xifwWZPrfwSlcg",2,0,0,0,1
"p9Gd2xNehN6kOE1zK0J_tA",3,0,0,0,1
"PA3ztLFGwZgbV_q1FqwcAA",3.63636363636364,1,5,1,11
"PAGec1ngGIblkjEl3j2dOA",3.5,0,0,0,2
"PaLiV3A-WWHnsSY5oy9j2w",3,0,0,0,2
"paq9vQaLh_Zq-TLXuTZTpQ",4,0,0,0,1
"pB4RF3wSp3O0qY-U9vN98g",3.5,0,0,0,2
"pbtjLDA99dG2ej-w6iBlDA",4,0,0,0,1
"PDxoMKnu1oQIIN-c4fXJLg",5,0,0,0,1
"PDZPSbA3PzPgZu2BkHTvSA",1,2,4,2,1
"pEQY0JAfTMe6bzNyipsetA",1,0,1,0,1
"PgW9kbCBCovax4WgEKy8xA",2.66666666666667,1,2,2,3
"PH5Hre6hfyXoBfPl-yWeWw",3.42857142857143,0,2,1,7
"pj-GcTlXX-r-lv8lwdmz4A",2,1,0,0,1
"Pj7KDrvI7AFqaYVgNK5R5g",4.42857142857143,1,7,2,7
"PJtsE00YT0gtlE9Owu6uJQ",3.66666666666667,1,0,0,3
"PKCadX1h4E3w1e1lU8Jr_A",3,0,1,0,1
"PkDBEfjJ-qSYfecCoCW3Lg",5,0,0,0,5
"pl_V5Ly1xUz2pNQylhoOIA",5,0,1,0,1
"plCWq8SR2KpQL2qWw0CKYg",4,0,0,0,1
"plNy9iRaTasckjl6Lb-zAA",3.36363636363636,29,28,15,11
"Pm4WFgwddtnuFTVTozx19w",4,0,0,1,1
"PM8xtdN9vM-rwPKXfFdwVw",4,0,0,0,1
"PmDHdnS-EkD4mOIsHD-dVQ",4,1,2,0,8
"pMju9J1RtJGcAufB3Vz9QQ",1.33333333333333,1,2,0,3
"Pmls9eFmrSMJ3Ro7AwRC6g",1,1,1,1,1
"pMM6od8ZfgtyRfvEkOfgNQ",4.625,3,8,2,8
"PmY_v_InZBZZbfIjOeRsGg",5,0,0,0,1
"pn6t2bckCtDw6Y9qI9FyBw",2.5,1,0,0,4
"pnUQXwVGP6EaxvY064Kjxg",1,0,1,0,1
"Pov3M6OfrLaDVMkB_YrMQg",1,0,8,0,3
"pOwI9VgLDG5qGp8i9dPIrw",5,1,2,1,1
"Pp4x4f4qPKKRw4Dxk5gCHQ",4.5,0,0,0,2
"pPdXTq7uA9Y5YqqWGfZJyg",4,0,0,0,1
"pPxnAz-OeDqbYPdzwCjSDA",3,0,0,0,2
"pqiutjFVVzVZpmarUHvqDA",2,0,0,0,1
"pQnaIq55At8ctwvIcFiP5g",2.33333333333333,0,2,1,3
"PR6T0kmxkCPfwa_s3BTVWA",4,0,1,1,1
"PRGphKqh6iUZrorI0NkBYg",4,0,1,0,1
"PRQ5G6s7x4AoTQOZP0Tl1Q",4,1,1,0,2
"pS1NhnDvGVyimrsGFi-tHg",5,0,2,1,1
"pSd49WkB33YFPCCB655VuQ",3,0,1,0,2
"psKmvETtm5OV5TEPyIdyGA",2,0,0,0,1
"Ptkyx5Vd3iFDUVEHOCHwjA",2.66666666666667,0,0,0,3
"pTUivYonmC6zNMvUicJUtw",2.5,1,5,1,2
"ptuVjQVlKd9mHIM_j8L_FQ",5,0,0,0,1
"PuHc87hQiAQ1bE75bVnlAw",3.33333333333333,0,7,0,3
"PVDib5VjViUxSH4s3r4HUw",4,0,0,0,1
"pVflzF-ORBBZFg7h8revkw",4,0,4,0,3
"PvIeWl21RbH7LlK9q7uNXw",4,0,2,0,3
"PvOpw3G0uie3w_1uOpkgiw",4.14285714285714,0,2,2,7
"Pw1vvgW6Jn_MEaZ6DjC6lg",1,1,4,0,1
"PWtlBs3PCH1l0DdypgEszw",3.16666666666667,0,1,1,6
"pWTUeXZKI6oJ78WTET5y2A",3.56521739130435,14,73,26,69
"py9UOLhowF4UGoqf5LS1-g",3,0,0,0,1
"PyHN1R2_Hs1afrDf5inE6Q",4,0,1,1,1
"q-kTUbrW3GGNZkyjdzPjSw",4,0,0,0,1
"Q19ma7ktFecmj-v0pfMecg",1,2,7,2,1
"q3Aemeb_BXf1ZafynZ7Qfg",3.83333333333333,1,2,0,6
"Q43j4rd_K0YEjGAb7qB8MA",3.47058823529412,107,94,53,34
"q4y29fuuGOzyUrIZlxq1Lg",3,0,1,0,1
"Q7Fxq_PenTjqMQqwU8R11A",5,0,1,1,1
"q8SHQQuNO0CzS1dxsnGVVQ",5,0,2,0,1
"q98ib8iHn2lJCB6Mq6HPcw",5,0,0,0,2
"q9BKnyqR9roAsWnxAIaWVA",4.27272727272727,7,20,12,11
"Q9QeSCPArkC2R3_d6u4Tvw",3.14285714285714,0,2,0,7
"Qa9NEkzM1zqHr_ZCj7E-qg",3,0,0,0,2
"QaILuMnFAYvPWwpCZFSP-g",4.19047619047619,2,12,4,21
"qASGlYeWeeGKi7t3MEmqjA",3.66666666666667,0,0,0,3
"QasgYY5G56ei2Cc2XLXubw",5,0,4,0,2
"QaUoU9PO14tAhRgJxDCLZQ",5,0,0,0,1
"qbXjFRONkSrvCqTXknvWqQ",5,0,0,0,1
"qcBEh_PFohFIJFcK9J23Sg",4.11320754716981,13,47,21,53
"QCgpWslmm1E-7uPgzp30fQ",4.2,0,4,0,5
"qcXpyzzkQmfn5MPXXe9wWA",4,0,1,0,1
"qdB_t0cm0vk6v4kXrkECSw",4,0,1,0,1
"QEDVhdE7tK6aQp1WuJY69g",4.5,2,3,2,2
"Qem9aWjX711wWdh1q_MILQ",1,2,2,1,2
"QeUtJQmLeEb49Us2MsYmpw",3.66666666666667,1,3,1,3
"qExTGvk2uLtUB2AFAeo0iA",5,1,0,1,1
"qf2H6esJYrNf6XMCcGLZSw",3.125,1,3,0,8
"qGFt3x-OK4rbMT6B_Y6cPA",3.11111111111111,8,20,14,9
"QHguW0BNdNF4lr8YyNmXkg",4,0,1,1,3
"QhT7Zb-cIkSmeRryDTDljQ",5,0,0,0,2
"qHWh6uzrP2DVjM00xvO_cw",2.5,0,1,0,2
"QIpga4R5H0gbdo65Ut-4Kw",3,0,0,0,2
"qIzk-gTTLaIxqYuIFOUhGw",2,0,1,0,1
"qj01fLOPbLHl0lSDg70IQQ",4,0,0,0,1
"qJ0x8BAuWfOPlGWn8_giTA",3,2,0,1,2
"Qj5dug-d0irAeQsEfm4zPw",5,0,0,0,4
"QKCuTd4-VKvFga5tnLhgCQ",4,0,12,1,6
"qKlJD43nB9fKaZEkMqiJQQ",4.27272727272727,6,13,6,11
"QL2zDVRloXHWLntbOfj1sA",4,0,1,0,1
"Ql3VuJShSkOIM9UJR6pUvg",5,0,2,0,1
"QLKtmPWogaP7DhMz5115ow",3,0,0,0,1
"qNANO9sFNVPMPfuogtBZXg",3,2,4,2,2
"qNixYIcVcZu58AbJcZ-Asg",3,0,0,0,1
"qo1bXmTwArJbwJJ4KxPymA",2.25,1,3,0,4
"QO4TLsJNcXx8Xaa5PkYXZw",4.2,4,9,5,5
"QoA_alwl4kxtLcK49uVfMA",2,2,0,0,3
"QOnt4XLyh2Ztkj8jCPVXyQ",5,0,1,1,1
"qqaZLaDFldR06_Hx8NGjnw",4.66666666666667,1,5,3,3
"qrX3s0BfiHQTH_gmnyysjw",3.66666666666667,11,54,12,48
"QS80110OM4i__aKTtFN-RQ",3.66666666666667,0,0,0,3
"qsXlyZqxjQuojWIWzeXnnw",3,0,0,0,1
"qT17WVkJi0RvQ4nNPN6NDw",3.44230769230769,39,76,51,52
"qTkUpkvALOBP4HEmnNFy4A",4,10,17,9,15
"Qu_mZmstLtd8hJF2dSVN9Q",1.5,0,4,1,2
"QuQoF0LM9HOmxadQTlXNMA",3.25,1,0,0,4
"qvbkkqAlb3ip2gbReehUyw",1,0,0,0,1
"qwmfYLq3UGoR6c4-MVugYQ",3.42857142857143,2,7,0,7
"qxjZ-IqWBxm8bE4jMrVMnQ",5,0,2,0,1
"qxWnPbCD2w7tlHSsFmchXw",5,0,0,0,1
"qXYnSlNreZcMyQIXFNTPQw",2,0,0,0,1
"Qyi4yLHXwyrueAF9BVjztA",3,0,1,0,2
"qyn2AtPGhMP3fY_j8r9Gtw",1,0,1,0,1
"QzObpREJTVfMx-d-lZ2NTw",4.5,0,2,0,2
"QZVwlm3N-ZHb9XYFKnbZQg",1,3,4,3,1
"R_XsfkiFg_fFK3lSdlqp3Q",5,0,0,0,1
"r-6GYkCVeEFVArUKMme-OQ",3.53333333333333,14,55,22,30
"R-v3gch83-baVvpZOdDPvQ",3.66666666666667,1,4,1,6
"R0Pd_PJNQSCsiBsGFxVzOQ",5,0,0,0,2
"R40_K8gytIgGuX4OAJES0g",5,0,1,1,1
"R4HSH_e4vO9zoDfiYjK_Uw",4,0,0,0,1
"r63D6SDvVnl61L5ASo1Csg",2.75,0,1,0,4
"R6OdqGQTtr2aDb-KWqHtxw",4,3,10,6,6
"R72CI6kJn78OJxsVh5XUbQ",3.28571428571429,3,6,1,7
"r8nJMwYV5rxutGgm1_QtpA",4,1,0,0,4
"r96a9S8EGj75ZhaxONK8Rw",5,0,2,0,1
"R9mVjYZUj_UysW9hxfBclA",4,0,2,1,3
"r9v8u08yls6-G2_BD2ya3Q",4,12,15,10,2
"RAiik7ikTBmp6pnGDcavoA",3.66666666666667,0,1,0,3
"raNtOxh-43siw1cxcKqLYw",5,0,0,0,1
"RAplevcB95dQL-nJMfKLTg",4,0,2,2,5
"RBaZrt6jd3tf2WXI7TEriA",4.16666666666667,2,7,2,6
"RCuhxW-KzbfHA394h_g6og",1,0,0,0,1
"RdLUQlhDiy-Q_bcDQ5nenA",4.66666666666667,0,0,0,3
"rdsqbZD1fsn_apstSPassw",4,0,3,1,1
"rE8ZpfVucwN5EAnSKO06_g",5,0,1,1,2
"rEgGtZ2Y8l1O6g0RZXAN7g",5,0,1,0,1
"RF6YtkHA6dpf6TksnQV7ag",4,0,1,0,1
"rfbephJRoDMVcuFc8UawFQ",3.14285714285714,0,0,0,7
"rFBu_XD_N1llrVMsojpG_g",3.875,8,27,24,8
"RHkgrqPcpHjWAkL7AztdcQ",5,0,0,0,1
"Rht2lVCKsRsHaZZBTKWQCw",4,0,0,1,3
"Ri8jeh5ZmDF6bXl6Wqshww",2.66666666666667,0,1,1,6
"RINLjjDiIE56zjE0Nm4hjA",1,0,0,0,1
"riSjTJrxTo-rzRZXsgrKhQ",3,0,0,1,1
"RiWyLrlbg6EzAXt8O36VAg",4.44444444444444,0,13,7,18
"RJ835QwvhNTXJYJVvDAjxg",5,0,1,0,1
"rjAlL1eXaKPatS40ybgC5Q",4,0,0,0,1
"RjL2Pdii55faQ5cc9Fc-aQ",3.85714285714286,3,4,2,7
"Rk95w-MMDzXzIvCF0SJUtQ",4.5,5,25,23,10
"RLF415Kbh0ZQ1UZ7fCZHmQ",3.2,16,11,7,5
"RLz2xhatXJTA_lIMT3a-uA",3,0,0,1,3
"rm3xZv8rU50RMCUfGbrOYg",4.25,5,7,6,4
"rmMrpvHRURVCmCEi6vBxBg",4,0,2,1,1
"rNpLYObuNqSz1KG4q-zieA",2.75,1,3,1,4
"rOcys61GECkplU9fzUwPmg",4.66666666666667,0,1,0,3
"ROru4uk5SaYc3rg8IU7SQw",4,0,0,0,1
"rPAmGmtW_ELnw6YD73GrKw",5,0,0,0,1
"Rpd_Vun9D63J2mf7p1Jhgw",4.66666666666667,0,0,0,3
"rPS25wCR7dhgy_uDzsA7vQ",3,0,2,0,10
"rQ5pqYUrzZSK-uuQ_ZMEeg",3.8,5,12,7,15
"RQ7UXZK7HmwIqyflSc9o_A",4.66666666666667,2,8,4,3
"rQW6P-qDPa3vGHHxHi6bwA",3,0,0,0,1
"Rr1q5BfuV9u6sJX98aOgCw",3.88888888888889,3,19,1,18
"Rr1SwkDviA2vFE_755SWkA",4.66666666666667,0,0,0,3
"Rs1gCs12gCjwbYoLtnic-w",4.5,2,1,1,4
"rSrxaxqxn2T2c7JBbqxzcg",5,0,3,0,1
"rtLrxg-nbRL_CvwG66aKeQ",5,0,1,1,1
"rtyId4LjEq5BgjRE7DLGVQ",4,0,1,0,1
"RujIu0-x98XIJB0P2_fFFQ",5,0,4,0,2
"RUOHfwiqDLb4kf_h_xhOUQ",4,1,1,1,2
"RV8lYD4h3gW0KcAmFNflHg",4.2,0,2,0,5
"rvBFfzQ1hOd66PoIRN4J8w",5,0,1,0,1
"RWXHIBiGdhv9SqYMBhGagw",4.66666666666667,0,1,1,3
"rx05eUBx-7amjw0lBk-Wzw",3.5,1,3,0,4
"RXLGgd8KIKO7PqqrnDiTfg",5,0,0,0,1
"rxNiJzemV2g9mxDEzpWetQ",4,0,0,0,1
"RyqvQBBBLzkHXSxP4ZqucA",4.66666666666667,0,0,0,3
"RyrfesQyDhZA8ZWIXaA2fg",1,0,0,0,1
"RZI4I0NtZSfkwzY0oNkOEA",5,0,1,0,1
"s_zGQcM6li1g_LlceY2wbQ",4.5,0,1,0,2
"S-07w5CJfDmEBTNZ9V-ycw",4.26388888888889,142,243,167,72
"s2D7XmX2MPomwjHBi8TSuw",3.7,1,12,11,10
"s2JTkU5BbXg7-aHeLDIWLA",4.66666666666667,1,6,0,3
"s3vb2b2niHjOT6vMxZNbUw",4.16666666666667,1,2,0,6
"S491UwhtkHOu9_jFjlSO-w",3.5,0,1,0,2
"s5RFs4OKcBMwqrBi9bpXSw",5,0,1,0,1
"S6m3ugBrZhReSvHztTISMQ",4.5,1,2,1,4
"s7oeCc6Uk6zrGxOQLeLdfA",4.66666666666667,1,1,0,6
"S84E-NLNx2s2zyyJHjDD5g",3.54545454545455,1,7,3,11
"SAaJZJBuoAghlT_pFw8EIw",3.6,2,7,5,5
"SBEkmqma7Z7D7Ija5QhiVw",1,1,0,0,1
"SBvUwXXqG3-3ShiYsTwFZw",5,0,2,0,1
"scxmg3Pu_jjpXSyFWH8-Cg",3.77272727272727,3,7,4,22
"SDEa0c144VSkR5ibiXt2Bw",3.25,6,5,5,4
"sdVzdWFhIRU_wvesG6qTeQ",5,0,0,0,1
"sdZI3VAVPQY-U2l6Z7bb1A",1,0,1,0,1
"se5RCWngDAuoYNNIfp2CmA",1,0,1,0,1
"se8hvmJurptPeLvcmVm5JQ",5,0,1,0,1
"sEEgL7mTKtmVm8JmhiRG-g",5,0,2,1,1
"seXUS5G1AffBN822f25uVQ",3.6,1,14,1,15
"sFt1vn45RFX6uo2S7GWhug",5,0,0,0,1
"sfY1HQk4lMu21lrr59t6zQ",4,3,2,3,1
"SGidO4YNYR650C1T2C27hQ",2.5,0,0,0,2
"SGiGH_qQAQ8_jSr3ms0LsA",3,0,2,0,1
"SGLAt1v5hsIORsie60LIaw",2.94444444444444,5,10,5,18
"SGXahHRReksq3m_Zk9V20w",2.828125,40,140,30,128
"sHokapvPkjRAmeyBian4fw",5,1,3,1,1
"siAQf3MZwhhqoZ0LjD75oA",4.42857142857143,2,4,0,7
"SIG_tdhVIapMsHzYjIFyAg",2,1,0,0,1
"siko5Gdl295rCXZ57cGDpQ",4,0,0,0,1
"sJ5dcw_EK2TVGMXvHamw-A",3.2,0,3,1,5
"Sjq20F6TBdb1PD3SyM2sDg",3.5,0,2,1,2
"SJYrz9LJ99EFXqtkwCla-w",4.625,0,10,1,8
"Sl0Vy1PxfkDvuojvCWbCPw",4.5,0,1,0,2
"SLevpShkCzruBJRT6m51Qg",4,0,0,1,1
"SLGIbLSk4xnN8SMicj4jJg",5,1,3,3,1
"SLJtPZNy0EB-TQ9ht9f7Iw",2,0,5,1,2
"sMTQLiu1LMAKMTtJpbfidw",2,0,0,0,1
"SNH5L8QZ4kT9unURQUrYow",3.93023255813953,156,245,182,86
"SovEAf90E9SEt6gyk1aUjg",5,1,2,1,2
"sr2vneh5UjFiZrTTxNAOxg",3,0,2,0,1
"sRY6eXXj2PDCtiRjxeax0Q",3.5,0,0,0,2
"ssrs_xgmEZh39R_Gk9QxpQ",3.66666666666667,0,4,4,6
"ST8tcSAmT9Fsjpe63_d5ww",5,0,1,0,1
"StjJXwaUDs-K7f-SZACs3Q",5,0,0,0,1
"STpnpds2AYkfN53n9KMMJw",1,0,1,0,1
"stvMwNi8QZg9D0JrsNYkaA",4,0,1,0,1
"sU-HaOJ5c6QjpYd_TP7DZA",4,0,0,0,1
"sUTQfzzxxc2c3g6cFH19pQ",3.4,4,41,14,40
"sUxEkOyaCXAdYJw5uNw3WA",5,0,0,0,1
"SV7w8o_dtHjBMouk-9LDWQ",3,8,23,8,15
"SvFtxW97zN74OT04Tx5qRg",4,0,0,0,1
"sxJkdYa_puuahGbTs7osUw",2,0,0,0,1
"SycnHCkjO-EolHsnLZa9IA",5,0,1,0,1
"SYSVSNsOvkSHVgtb8bXYOQ",3.4,5,4,3,15
"szj_G0suXZIveT2cvNXLQQ",4.6,0,2,1,5
"t_q3dXJM9TJQpQJqZIn5KQ",5,0,0,0,1
"T-fNA0Z-iEzRhSiIlxs38w",3.6,0,5,2,10
"t162WLprI8e5Ir8EBM_o1Q",3,0,0,0,2
"t1G2FUnxaghok0CboYqxQg",5,0,0,0,1
"t3Ul_BUWCobJPfDcKRSXtg",3.5,0,3,0,2
"T5mD6ggC7fh48QgXR0LevA",3.36538461538462,74,254,138,156
"T6c6AoYFKGysVmucJFzvhw",3.58333333333333,3,9,2,12
"T7JoP2UJVGE_ZtPnxSmT9w",5,0,0,0,1
"T7QG8ge2ukcfvEosSkg8yA",2.71428571428571,0,3,0,7
"T8HM9hiSVvmBy3tJYIqBuA",3,0,0,0,4
"t94r7YgBKeWpFsXo2_1M0Q",4,1,1,0,1
"t9K1768NmgXRReY8998P1A",4,0,2,1,2
"tbaNig3zlnnca4z1TRdWkg",5,0,0,0,1
"tCQBZogpMkCZQxpBjVG23Q",3.18181818181818,2,6,4,11
"td90ZUpYlY5u1yJHKwsj1g",5,0,0,0,2
"tdcwM6QqKdsZcepq0FZ3rw",4.5,0,0,0,2
"TdS2c9OGL2I9nWi9GPEhKg",4.42857142857143,2,6,4,7
"tdYKfTbNp4hesWCQZtZ1Rg",4.5,4,6,5,2
"TEnNRp80nCiBZZ5zm2qOGQ",2,1,1,1,1
"tezU8y90HSVl2juJyOF9iw",3,1,0,0,1
"Tfel9CRR1wHRqRivVl3X8A",2,0,1,0,1
"TFW32qhkOG_yh_lFWlgjnQ",2.75,1,0,0,4
"TgTgcxSlqnURyG3v7AVr9g",3.5,1,1,0,2
"th1iitwRur97VFZIyhIHNA",4,0,0,0,1
"thxwzCVbaEeL0rXj8Je87g",5,0,0,0,1
"tIDhqxBcwWLyMnbN49LzWQ",4,2,4,3,2
"Tj-XKNlIPMJfySHAvFEAnA",5,0,3,0,1
"tjWy0c2Q0BrcBmWihorDTw",4.25,0,0,0,4
"tkqtskHNCg5xgP94geoS1A",3,0,0,0,1
"TKUQZAgSHCtUjfnjsf7IUg",4.125,2,3,2,8
"TlElCULCbA4V2yoSdTFSYA",2,0,0,0,1
"tmenRuxwRehYPOYOPjO6uQ",4.72727272727273,0,2,0,11
"TObZs5bPfIw5u02e9XCPkQ",3.47058823529412,5,25,4,17
"tP7M_BPddrcbdBl5Mp6sJA",5,1,0,0,2
"tpFbRhcoYf6jnJy7Kk5hQg",5,3,2,1,1
"TPj2H2OD4mEyxIjRTbFagw",4.09523809523809,17,76,46,42
"TpSs9KJCX68yXAAzZ9_LIw",1,1,2,1,1
"tQgcXTvbz4lkBht9eyZ1Lg",2.66666666666667,3,4,3,3
"tqIdoVKUaaoeO0QxKIbQIA",2.33333333333333,0,0,0,3
"TRgrepf1Ai05Q3OhbO3DxA",1,0,0,0,1
"TrjJ0rPAWCFFv7WhchHKzQ",4,0,0,0,1
"TSN_KWBsNc4pAoChdpwi1Q",5,0,3,1,1
"tSw-n5zJvvR-7S4FHaFU1A",1,0,0,0,1
"TTw5bv-NYWmYaDVZEBdrMg",3.22222222222222,11,21,15,9
"TUI6YIfBBe7ivDqJpO6FnA",2.75,1,3,2,4
"TUrH3mbJ2Yg9Is9y99s6cg",1,5,3,3,1
"tuV1Lb_DYVAcsVT23DmzXg",4.85714285714286,1,4,1,7
"tVoCVBUg-ubBMLQlX5_SVQ",4.14285714285714,0,5,2,14
"tVVnAlU3vPvm4KUh2o3fug",4.33333333333333,2,12,18,3
"tWM0SfyOhevQfhj2r15Rwg",3.33333333333333,1,1,1,3
"TWmHf0GabHfW44yBlz_-Gw",1,0,2,0,1
"TWUm7SqypduHa9Dxq5zwCQ",4,0,2,1,1
"tYncSGV3qDGJ0h9ly6DWdg",3.55555555555556,85,102,96,9
"tYYc1-_kI40IYLoyahZ_WQ",4,6,9,8,4
"tZ4hQ8OeJksc-v8pWuzs3Q",5,0,0,0,1
"u__7G-RO3MNeXzAhI-zb6Q",4,0,0,0,1
"u_pd2jHaEfDD-jyiapPl5w",3.4,1,5,1,10
"u0-zdXU7pGS48oSjmXquBw",5,1,1,0,1
"u2uBYfU3snir3Cf0R0sOuQ",4,0,5,0,3
"u3TBAjZYbELsSQWG7hB4IQ",5,1,1,1,2
"U4E0mci8eBfGlwFLWo2cIA",5,0,2,2,1
"U5JyHRVayfHRHipogAq84A",4,2,3,0,4
"u65Wk1-FJtFsLvibX9mdDQ",4,0,1,1,1
"u6MdSh3myu9A-z5c75ZE8g",2,0,2,0,1
"u8ZZKGsDnWGrzRSLofWTxA",5,0,2,1,1
"U9TF-UgnoURN2E8QQHbw5w",4.35,0,26,5,20
"UaIq_zJxnVxU_HfvC16i_A",4.81818181818182,1,6,1,11
"uAl2aDJQVHnMbMg576ZQKg",1,0,2,0,1
"uaWooGMfsMnfcBdVnqeDjw",5,0,0,0,1
"UB7g7flEPcCK32I2iRd7eA",4,1,1,1,2
"uc04YCxFi1ZUj5N9mfiUyQ",3.74626865671642,196,265,234,67
"uCb3zzlC83tr5W-xcBJfXw",4,0,0,0,1
"uD7rc4L_gygNCKvM2Et1Zw",3,0,2,1,2
"udIDbfMFP0zE9jlrpIh58w",5,0,0,0,1
"UdP8bnjyV9F8lj9RAimhrA",4,1,3,3,1
"Uf-jZhhEYRIFxzyT1d5R6Q",3.5,0,5,0,4
"uFbPU8MqdxRBb_Fq0GPRrA",4,0,0,0,1
"uFCUOKwOEeIGACMrc3wtmg",3.5,0,10,3,6
"UfMHoQ4lic1aCkXFa4TxlA",2.33333333333333,1,3,0,3
"UgHQwIwc-69nVfGtmU0_nA",4.5,0,0,0,2
"UgttlReSB8g9YF3URK8BPw",3.66233766233766,36,84,60,77
"UgYLY4-QhuxfD9TLlqSBxQ",4.58333333333333,0,3,0,12
"Uh_NwYyqyI9jhyOTa0tF4g",2,0,0,0,1
"UHtC8SbKZ6ASHsOEziMNAQ",4,1,3,2,2
"UJ6Lklm3lCervkMbaQqkjw",4,0,1,0,1
"uj8CJwk9K_rjo8tyaEGPNg",3,0,1,0,2
"ujDoMIAlFDAP14ebf5Xczw",5,0,0,0,1
"uk05fdDMxpI4IY3DW2mheQ",4,2,2,0,5
"uK9Oh-IgPT4MOCJ69KSRSg",4,0,0,0,1
"uliUZShBIU1-V2MQC6xMVQ",2.5,3,9,4,2
"uLSwx8MTNIE1b8bZlDLYRw",5,0,1,0,1
"UNaAFqwr-GGHpn3Rlnn5Ug",3.66666666666667,3,2,1,3
"uO0jZk02PIQg3rrrU49uhw",2.5,0,1,0,2
"uofZCdM_NhwL9dRqhsXpPA",5,0,0,0,2
"UoN_4oNj-D4fQ6A2RbGomA",5,1,4,3,2
"uOpq5F331ReFiu_cNxdlKA",3.6,0,4,1,5
"UoqlSDBjvZeAspIZ6J06ag",3.70588235294118,0,8,2,17
"uQpHNWs-tZbwLAE00ywR1A",4.71428571428571,6,13,12,7
"uqWBAD5itLYLN51QFXWQAw",3.44444444444444,2,11,1,9
"UreuccTnrrDD2p5-Og3d6w",4.5,0,0,0,2
"UrjEdSRi5vry3bQ1NKyLuQ",5,1,1,0,1
"URRNKR15jVqS8acnfUqrfg",2.66666666666667,0,0,0,3
"uSYAjQws1Ot2ZcOObMOxGA",4,0,3,0,3
"USZnHOORVxxVVKhLE9EmMA",4,0,1,0,1
"uTB2pUQH_BQQLT5fvAHzOQ",2,1,2,1,1
"uTBwL4Eh61eMXL98ubLg0A",5,0,0,0,2
"uUnSV1jSssoOYW4KkatQSQ",1,0,2,0,1
"uVn-jkBYXCapRhLgvwQjmQ",5,0,0,0,1
"uvpYEC7aWoOshgJ1Q49tTg",3,0,0,0,2
"uWnOnJGy3VzPfVZnzklWuA",4,0,2,0,1
"Ux9g8_2AgyKdhea4ybmZvw",2.5,2,2,0,2
"UzB6VTKqlgz9VpoedPbaFQ",3.53846153846154,1,8,4,13
"UZdisUTGmOipF_37JnttaQ",1,0,1,0,1
"uZuA-Qizy9_xnNpySI1C9A",4,0,0,0,1
"UzVIZit6D8sxlHc3ZqhGjg",5,0,1,1,1
"V_UN9WeeKJJQvGId-qtMIA",2.5,0,0,0,2
"V-fDIyXqmqWcGDXQ5ma1Fg",4,0,0,0,1
"V-iVWkhq0ePxXdRoR6QJ6Q",4.5,0,0,0,2
"v1S1v56XLdWzyyfrhSlSmQ",5,1,1,1,1
"v4EgsYfC1qvyPYT6oqjHEA",3.5,5,1,0,2
"V5rGX3SHVpurScUuQzUd_A",4.33333333333333,0,2,2,3
"v5SIeL0WDjaWupJGX0CpUA",4.5,0,2,2,2
"V82IKvQfGJ6_RK9Eun4OHA",5,0,0,0,1
"V9Uqt00HXwXT6mzsVCjMAw",3.53571428571429,23,69,31,56
"VAEtE72aM3ZcK4ye64GZ4g",4.33333333333333,0,1,1,3
"VBcuUp8GyOypdQgRMZzLEw",2,0,0,1,1
"vBG8ONebjxoyL43B-38STA",4,2,3,0,4
"VBKbZD9X4zruXYORIhJhhg",3.48387096774194,77,119,90,62
"VbrUHNPZhd4PYH3prdZpww",4.66666666666667,3,4,3,3
"VBRx5JBmU-1RGOTwMR5z-g",1,0,0,0,1
"VCl40T_8Qr7x-If5Qg5m_Q",3.5,0,0,0,2
"VcN9i7sPrGSOn4BnpOJ9tQ",3.88095238095238,19,46,23,42
"VeoCfKroIQRKudRKS5Oryg",5,0,2,0,1
"vg6_jmI24oKHd2EsFit_bw",2,0,0,0,1
"VGZhhAtHlLPk-9qGd4Ifqw",5,0,0,0,1
"viD0hK1azNG1L5rFZGIS4w",4,0,0,0,1
"vipSiSxRH0fIo9qbfjsHpg",3.85714285714286,0,6,2,7
"VIWQXIY1SgERYt7KucWV0w",5,0,1,0,1
"VKq94_OJhFfNC3zX7IxLcg",3.5,0,1,0,2
"vKs0r5yZhfJYdBSd0J1a3Q",1,0,0,0,1
"vKZSrW5pXNHZrl6_Vq8xyw",3.6,3,14,8,10
"vMPk-e1_YFdTjl6VaAMt7g",5,1,0,0,1
"vnPT1agS_E0vi4uubti_xQ",4,0,0,0,1
"vNWcDZiWimb33WQ8Fr61eg",4.5,0,0,0,2
"vPgn6wxOQmvlaECID1tmSQ",1,0,0,0,1
"VpNv4u5V4O7WH4osgaKG0A",3,0,1,0,1
"VpOvbezOF2jGd-ys9thz6A",2,0,2,1,1
"VpwpmFwGRBeYN2T1Llv7cQ",1.85714285714286,4,0,0,7
"vQ-8Pggit3IT9He7O7XZ1g",4,0,0,0,1
"vQayPl7cix0BFaSiL_t5XQ",3.61702127659574,43,64,50,47
"Vrtf2kNdG2BYVMNO40dBAA",4,0,1,0,1
"vSgKf_GTGrBRLET5gwiWUQ",1,0,1,0,1
"vSyacT958Ha3GVKDiQF6Ig",2,0,2,1,1
"VTBwYHCHha65LmxzqipSvw",4,0,1,0,1
"vtC_cpesIJZ3--W9J-UIXA",4.4375,221,292,255,64
"vtIWOPkTv3-Csv789oURgQ",3.875,0,9,1,8
"VTy78_cwc6stR_3fP5BnjA",4.5,0,1,1,4
"VU4b4p3FAvb81SrpQaHOtA",4,0,0,0,1
"vULlBc8WCjGU28390oYRTg",4.5,0,0,0,2
"Vuyl0NvoVIwDihC_DGRmfA",4,0,0,0,1
"vW6BqipzAl5VFc9lxa11Fg",4.2,0,2,1,5
"VxRPbgauDdOcA3eg1uazXA",3.33333333333333,0,6,3,3
"VXUiqs5fTCjfXsap6daMeg",2.8,7,13,9,5
"vZogScun_jFpoIEbAOAqFw",4.5,0,2,1,2
"w_1MG0f02ZR2LzFXfjXKyg",3,0,0,0,1
"W0IID5gX2S-ekW3WzUaBTA",5,1,1,1,1
"W15iqhuUUaOvTm8u8A6kLQ",4,0,0,0,1
"w225lKHnX3jorkSXWgss0Q",1,0,1,0,1
"w2f1eJnfYUEQhnTdawWbrw",3.8,13,26,13,30
"W2ZuUQlQtUcriib3MvX70Q",1,0,1,0,1
"w3bwvl6SpwajbwoL0mLW8w",1,8,4,5,1
"w3kV-YRdY4WTNzFwbX8H9Q",3,0,0,0,1
"w45UA_Yx5G4oT0t6JFTlLw",3,0,0,0,1
"W4Eb0EVBJMpdysK59rTaqA",3.33333333333333,3,3,3,3
"W4IqL1hUnGa3ibfp9w5zCw",5,0,1,0,1
"w6jF33iyyvF6QjzCBfPURQ",3.57142857142857,1,2,0,7
"w6plH6tADDKkeeHrxsm4DA",3,0,0,0,1
"W6QGPRdi8LOdsYZtRm2euw",3.33333333333333,1,4,2,6
"W7u5E2rklR1yXjzLymdOmA",5,1,1,1,1
"W9h1ufjEzDp7THyAqRw65g",3.66990291262136,157,218,127,103
"WAeoa6SvM9yAGdGprd4_4g",4.33333333333333,0,1,0,3
"walf6q48eUXet67ZcZq_lQ",2.5,0,6,0,4
"wapnZrMhivxyy0djBaHoeg",3.78571428571429,32,22,17,28
"WBRrtM_Lv8lH6EqglNMjZQ",4.66666666666667,4,5,4,3
"wCGXi_KKrs0vb-_smxzI-A",5,0,2,0,1
"wDeZlKmA8WeamDyUG2kG3A",5,0,0,0,1
"WECy_7GozpOoSOTao5vIUw",4,0,0,0,1
"Wf9YVs2PaqRJbI_UqBd94A",3,0,1,0,2
"WGMuf-8GWekUbCaz5NzmwA",3,0,1,0,2
"WGx285iVXK6EOrx60NAnvw",5,0,1,0,1
"WGyA-edUl6JMFWGNPK2Lgg",5,0,0,0,1
"wha2RtvuIpEzekV4tmTFpQ",4.5,0,1,1,2
"WhqZH34iH28j62FM1sgwIQ",2,2,3,2,1
"whSZcpDsRVrehP2egZhFnA",4.33333333333333,1,1,0,3
"wHWwtRRD-FvzXDInmXcFBQ",5,0,0,0,1
"WIGcC8tj583Wa_ccp5dX3A",3,0,8,3,5
"wiWS-kFu7Qv5VYXdPGIuHg",3,0,1,0,1
"wJi4LMRGetLFIJZkpk15Zw",4.44444444444444,2,11,6,18
"wkFixzl7v5bMOB_WEnhWOw",5,0,1,0,2
"WKlfN7V8aLyVoTvm2wtn6A",5,1,1,1,1
"wlBXJm5zDChKAusGIbASTw",5,0,0,0,1
"wm0mxDog5BR_x2HY-Ed1Wg",5,0,0,0,1
"wM7nF03ikrkeGyfA4Bv6BA",5,0,0,0,1
"WN6eeM1A-Or1pi8m0dbWOQ",5,0,1,0,1
"wqZukFjCKiX4MWRupQkEUQ",2,0,1,0,1
"wRBHErXSeHcmDQgt9Ip1Bw",4,0,0,0,2
"WRftq5K6gVLjjnU-8W0Mlw",5,1,3,2,1
"wsD1-OjZbRy2iT4Ov-yBbg",5,0,0,0,1
"WsgEgQH4K_BWUwKak_Njpw",4.25,0,0,0,4
"wSPQwDAZvopY6EtIDIB5cg",2,0,0,0,1
"WSSBYjqOSl7_AjNPD0sOgA",3,0,1,0,1
"wsWqhVpbHw-iR4rXB3Rrfg",5,0,0,0,1
"wtQ7R_TtqRYuXRbyf4tCfw",5,0,0,0,1
"WTuU3HZdivdhjo2f7wA4wg",4,0,0,0,1
"wUEp87FqOB9ew27Iz6zk_w",3.53846153846154,0,3,0,13
"WWCDvdsmqx5U_rvat7kcqw",5,0,2,1,2
"Wwn_tQ_USUNP7xUWxPK-7w",3.33333333333333,1,4,4,9
"wwNc6ME8QXEyPlGrFZY4tg",1.5,0,2,0,2
"WxLmIOMEoC6K-G2qTpOuiw",5,1,4,2,2
"wYfeuYsNu1jlbR_voI3TnA",3,0,2,2,1
"WZFiGKJpujVu9SfvwWKkjg",3.33333333333333,1,1,1,3
"wzNbeocGtQkE9Wwi-Oz_Mg",2,5,14,10,2
"X_8KOO2TpXvaZAsZT1GMfw",4.85714285714286,5,6,2,7
"x0L_ll5uh1S5UpCc7bWp1g",3,0,0,0,1
"x33eCupry9w-62ZFeFS8lA",5,0,0,0,1
"x3Ry_uH5G6X6m4EjlxlW5Q",5,0,1,0,2
"X53WpXH8f6e7Y4W3LRogTw",3.8,0,1,0,5
"x5hR5zfQiXBqlYubgv375w",4,0,0,0,1
"x5m4TTJY3PHkQ_2OQR1bYQ",1,0,4,0,2
"x8d65djxDZ_O3iJ7prpVDw",5,0,0,0,1
"xaB8EHpyKKAHLLs5ZcvP7g",5,2,2,2,2
"XBt1WQrKFWJ4WyhV3B9i3g",2.25,0,1,0,4
"xBuHWmWeHG8Pf15hPPic3Q",4.33333333333333,0,2,1,3
"Xcfgfp5bppa59DuEJnwzGQ",5,0,0,0,1
"XCFJdfUTRj_bZ0SZ6ROn0Q",5,0,0,0,1
"XcPL3vuOs-5H2hBy3bBJnQ",4,0,2,1,2
"XCTC3b7nPcVb4mXDuSOR8g",4,0,1,0,1
"XdbJ-OGT6HLVGlnO-RdBDg",1,2,2,0,1
"XdiB6koT2DtTObnJAVA-Wg",1,1,1,1,1
"xdlCmZIgdcS9njEDvXrBSA",4,0,1,0,2
"XDt5SPh-HvYTLJ-dw4Uz9w",3.5,0,1,0,4
"Xdu24yBabw0uq4GzKBhWaA",3.26923076923077,8,27,15,26
"XE0a0Qw9-LhsYyO8Aon53g",2.83333333333333,1,1,0,6
"xE4yctphJ6HUsX8m9CSdgQ",5,0,0,0,1
"XE6t5KlhREoxnhWbTH6zBg",3.5,0,2,0,2
"XedaIJ29w7KZcPMKTJx4-g",3,1,3,1,2
"xEs2XPHsft6cyhs5_Yg0uQ",1,0,0,0,1
"XFh6-l-pAPNOFw_EAmMrGQ",4.5,0,4,0,6
"xfo0J6gri7wQJ2S_tYc6BA",3.75,0,3,1,4
"xGWMFoFPwTv-UNEenMBtFQ",3,0,0,0,1
"xh2rvaC4efORz7CjroS_eg",3.9,0,7,0,20
"XHCoMDYSWLWEZ2GxL4-YYA",4,0,3,2,9
"XHdEyJrg0KasTlosIXJhyg",2,0,2,0,1
"XIHX_3Gl2U0yngdMFpMAYQ",3.75,0,5,0,4
"xJyT2ttEAEnZpM2oiUX4bg",5,0,2,0,1
"XkSakTxe_fDDgTbeSq2udw",5,0,0,0,1
"xlN1HFMw2MrBRwqm97bKjw",5,0,0,0,1
"xm0f08nbIfLXAKQ7OZCChg",3,0,0,0,1
"XmCiEwcRBJn-cW-bzbEDtQ",4,0,0,0,1
"XNKvXLHo8Wlkx9JMzVTIdg",1.5,1,0,0,4
"XNsbGKVs92ZjSWSbZIWKKA",1,0,1,0,1
"XoEwIVPoUNCM11D60o3lCA",3.94117647058824,40,91,59,68
"XOqbhX2cyy6tgIpcLnFHnw",4,0,0,0,1
"XqU1PB0XWjcr3sUyZZGaWQ",3.77083333333333,5,26,13,48
"XQXxZcgoGTJ3a92qffmH4A",3.66666666666667,6,8,4,9
"XsGujRUORSDC8p86sXw4iQ",2.5,1,5,1,6
"XSZ8UwlkrZtFy1GWhtSaiA",3,0,0,0,1
"xszAr-jtMDU-M-hTNOXh9g",4,0,1,0,3
"XTAKm1xNeFaLItYeDYcfUg",3.5,0,2,0,2
"xUGkaq9VcrYeZd7HK-OEYg",2,1,1,1,1
"XumHHdWv7kkvzmV51bJNqw",4.5,0,1,0,2
"XUoX6ET91UXbya6bWgsChA",1,2,0,0,1
"xvZE0Mak4SGXqFeT59qctA",4.125,0,4,1,8
"XWBrNF7pN4pNOy3-iRqjcQ",3,0,0,0,1
"xwPZ8a1K762KlQKuAhPH4w",3.71428571428571,0,4,0,14
"XyNBsfkgJ1FfNExsKTNtVg",4,0,1,0,1
"xzbojsdGVVwFaK6BoysFBw",3.25,0,5,1,4
"y_HLgKvTTQsHLEbzwcWb8g",3.66666666666667,2,0,0,3
"y0jfYwUKBwUfPMvwQU6wVA",4.5,0,0,0,6
"Y0mG3r8NLUmB8fnTDZhsPw",5,2,2,2,1
"Y1sgnrFxZoBB5PFC8qO-hg",5,0,1,0,1
"Y3KeitZfNGSK3a0QzSexQQ",3,0,2,0,2
"Y4RYXwZtRW5-pKafKW9Dcg",4,0,0,0,1
"y5ndc8RDp7UHzvisI9qUHQ",3,0,0,0,3
"Y5SZJEwGcxOJ_ZteqjgK9g",3,2,1,0,1
"y76b3SuhzkXUzyvQbZEEBw",4.66666666666667,1,5,1,3
"Y7Nku6BPnIsFyM3FeXhcqQ",5,0,1,0,1
"Y9iKTQ4LL_a2SBFlwTjurA",4,0,1,0,1
"y9qlfC0f3qwGhguDtt0rtQ",3.375,1,6,1,8
"Y9vEjnwgv970OymEje845w",3.57142857142857,6,26,17,21
"yAmKx7OixqvUtUrUARaKHA",3.5,0,0,0,2
"YavHl30KwXhImHClB_BN_A",5,4,7,5,2
"yaw_aNmYB-BNOoPTkzD69Q",3.95454545454545,26,47,30,22
"yAy-mAYFGgZr8SKa3ez8Mw",4,0,1,0,2
"YbQ1k4Rj4z3VCm6qS4Fj1A",3.5,1,6,3,4
"YBvZbjDNOlAROImown8GOw",3.66666666666667,0,4,0,3
"YC7Azo3xIKKTq7gbUFVccQ",3,0,1,0,1
"ycGV7xF8l_u03rS8zSQ7xw",5,0,0,0,4
"YCuOVfQKBtVOuMiBQq-tPw",1,1,0,0,1
"yCVNPcZRNv9m-Q-PV4csRg",3.68,5,14,5,25
"YEp3lrsXDGDbLT3cFRHT7g",4.36144578313253,38,88,51,83
"yfPdKyb_HKYnA4kjnDpZ4w",4,1,4,2,3
"yg2xeCpwWov1zxzOoHsJWQ",1,1,3,1,3
"ygfxTpCYn1-w-O0nv7ngYw",2.5,0,1,0,2
"YgjZpReRQwK-kxDvEDKSKA",4,0,1,0,1
"yglS_hgLku5UpT375ie94Q",3.66666666666667,0,1,0,3
"YGrEq3fitnTxpVgW3a7QZg",4,0,2,4,2
"yGzrkjrjRI9TRdjAAMc5dQ",3.22222222222222,4,17,7,9
"yh5FdxS-R-_j9GaO7kD4IA",2,1,1,0,1
"YhAxmxx9_-K5TPlIaacQQA",3.75862068965517,85,106,95,29
"yhC4ErI6OT0DNle2SEtSZQ",3,0,2,0,5
"YhpIBNk8CB8NgwJq3nle5Q",5,0,0,0,1
"YhQAZnov-MQIECuFQvpYqw",4,5,5,5,1
"YI2aZ02Qq46CGvyM4ukCnw",1,0,2,0,1
"yJLkkYfCKk5Pj8zvDzEvOQ",4,0,0,1,1
"yk3kUEPdNDuIcwdUF2yaNA",3.8,2,4,2,5
"YkUWDC6iML9burjYuaiRKQ",4,0,1,0,1
"yKWGjYu00tc8IZQWDjgRXQ",2.28571428571429,4,8,2,7
"YL8SKv-pwx-Wj9cwGYrn3g",3.47474747474747,106,222,134,99
"YLkuqcXf35hCgWScC0CLlw",4,1,2,0,1
"YMB29SPB8Z_a2be4O5gxOg",3.61006289308176,408,710,606,159
"YmdTJSRdfYeHinaDMqCmCw",3,0,0,0,6
"yMM9GOWIsRY06R8JBsFnuQ",5,1,0,0,1
"Yns7ghq2W0zS79TkItYo4Q",2,2,1,0,2
"yonxmP5ykCceOcOV3H--WA",5,0,0,0,1
"YOqd9PW2sT8G8KaI6NOwOA",4,1,1,0,1
"YOXhILiLHs_6omZcdHDemw",3.75,2,2,1,4
"YPk47NcyWSkk-541OxyzMQ",3.47916666666667,5,19,9,48
"YPlXgYFFYA8_Lgv1kSNaXA",4,0,0,0,1
"yprSqFOCWQNdzYOUOvm59w",4.125,1,4,3,8
"Yq1UvHPZlHNfEZA-_a6HIA",4,0,1,0,2
"YQPp8uTSJxKjLaK6oFUzsw",5,0,1,1,1
"YQYjyycutQEth55vWjUcIQ",4,0,5,0,9
"YRsPKCkafYFRrkzZ8Fh9Ng",1,0,1,0,1
"YrYxEQmacf0KN6pUuACCFw",3.6,5,9,6,10
"ys6ywU69qok6M2ja4JopCA",1,0,0,0,1
"yspBfuP91v72XWZk5W6sQw",3,0,0,0,1
"Yt8gnCSngq1_VIjnFNsobg",4.33333333333333,0,1,1,3
"yTAfeydj3Qc6zGc3IrT7CQ",4,0,0,0,1
"yTAwEOYH9-ReFv55s-vpwA",3.5,0,1,0,6
"YtU841isDxnHY0NB4BNz6Q",3.5,0,1,0,2
"yu88Dy6uosFL6WP-xlbQrg",4.5,1,2,2,2
"YW54PsW88Z6E_4YNr5AGrA",3.66666666666667,0,0,0,3
"ywFAzVgeC_taqNIY-b-awA",4.33333333333333,0,1,0,3
"YwjabNYLHBFOS2AABYQFsA",5,1,3,0,3
"yWtPBpinoSthljA_Lzy0qg",4.75,1,0,0,4
"YXHWwk2fTBEjpKYWv4pngg",5,0,0,0,1
"YxJAHGefGzzVUIvWSfv9Dg",3.5,0,1,0,2
"yxxE9RcVe_83BHf71eJqpQ",5,0,2,0,1
"yZH_peNL5bLym_N48_NhLw",4,0,0,0,1
"YzIZxkWn4kIgDF78N_uZcQ",4,0,0,0,1
"yzwPJdn6yd2ccZqfy4LhUA",3.81818181818182,2,5,2,11
"z_oypfGfDu-pmM3KTlKo-Q",1,0,1,0,1
"Z-LXhFFgT0wT7PG-NhHO-w",5,0,1,1,1
"z0lYOQ-MpCirgOdnjswZ7Q",4,0,2,0,1
"Z1Ac_E8_4y2e4q6IOXUl_w",4.5,1,1,1,2
"z1M-HXnX4WQYvRM_WXuRxQ",2.25,1,1,1,4
"z2jHkKIvtAotAYb-vWJgOA",4,0,0,0,1
"Z2mgF-F_TF2MxnWmflIiUA",3.66666666666667,4,14,7,12
"z2up3s7XsDU-YvO88c8UEg",2.5,0,1,0,2
"z3QNyeSuGugJN_d7jx_G8w",1,0,0,0,1
"Z4ArjFhywwlHPPfrwclD2g",5,0,3,1,1
"z4xrlhQlXi9GMUtZH44AcA",3.5,0,3,1,2
"Z5EYUGPc7u6IsN4GPvVd7Q",4,1,2,6,3
"z6WsUmzuEXxNcfdng6oPxg",1,0,1,0,1
"ZbjapptUJi8MasT56fVILA",5,0,1,0,1
"zcXAP0EiBcVw37nLF7ATmg",4.66666666666667,0,0,0,3
"ZFi08tqiMIl4y4oTI1U6eg",4.33333333333333,2,1,1,3
"zgCO0TnkvfohTmwPTwP7Ew",3.45283018867925,110,273,173,106
"zhTGxMLseugeqU1nfUYRpw",4.66666666666667,0,3,5,3
"zjBmIYzTsY5gBLx09B_w8g",1,0,2,0,1
"ZKebbJQD0o3fl0xa0rsJtQ",4.16666666666667,1,8,5,6
"zKePWP97pqsRP5R1rl1QKQ",3.75,0,4,0,4
"ZkL5bPvyhyZMXDSWgGfeTA",4,1,14,11,8
"zKqwJFPFd5XenERIpCabIA",4.5,0,2,0,2
"zl7Bv7oHQ17JSufjhLwP1Q",4,0,0,0,1
"zLcGn5rwTAwG8Eo6dcPgyA",5,0,1,1,2
"ZLhvjMXJd3wLKpEqiu4NRQ",4.5,2,4,1,4
"zmkJOHMVyyP7EhZkHn3uZQ",1,0,1,1,1
"zMnX3gV8vItvdQZZGf5j1Q",2.2,0,2,0,5
"zMu9juiNcwvYXqXBzimBXQ",5,0,0,0,1
"ZmZ3aVCQZ7754r6Abc0n1g",4,0,3,0,2
"ZO67f08ST8Ohnw-4j3Ootw",4,0,0,0,5
"Zof_qo5X5tRQXvkuuR1RzA",4,3,10,0,14
"ZofXgAZG8AL80C4-wp4eOA",3,0,0,0,1
"zpawHZ_OoGtsJg0KmuMs-w",5,0,0,0,1
"zPd_WXXqKuvFENj1ly2siA",4,0,0,0,1
"zpo2N0tW4vh3V8KAym-t2g",3.66666666666667,1,3,1,3
"ZPu_JhCgiWU9Tk_Bd-Gg8w",5,0,0,0,1
"ZQDeomNCA8LuAC86PuWidw",1,0,0,0,1
"ZqntkB2w0TOnJBuk8gBKfg",4,0,0,0,2
"zQPIFxvzYEm6OBEIqAqaAg",5,0,3,0,2
"zrBldVRaLP0macN3jlmg3Q",3,1,5,2,7
"ZREYKjErXkcoeqUw6gRQtw",3.85714285714286,1,8,1,14
"zrffEJ3-xbr4IXXviOyViA",2.66666666666667,0,4,0,3
"zrhwzWN-SgxTQFpbH8takg",5,0,1,0,1
"zS4tNnZaHqZZamzo0mPExg",4.2,0,1,0,5
"ZW6J3hLaTgy7ygZ6V0ZXug",3.25,59,88,47,92
"ZXCIIPlnGZtnjPacI1Nz2g",4.61538461538461,6,11,7,13
"ZxKwEEoAX9zfQ_LVqTFC0Q",5,0,1,0,1
"ZxturuGk-mcM91Jj6VS_0A",3.8,0,4,1,5
"ZxU3PjaGOdNfIEZ8aDjtRQ",1,0,1,0,1
"Zyd78OiKPAqaMSC6OWLb6w",3.68421052631579,0,11,0,19
"zyHD67JwaNBYv9KQFWQo7g",1,2,7,2,1
"ZyMXu3gJmSK_0stiOLwB8A",4,12,36,11,23
"ZySD-z6C97Q0kc-_PeN0Vw",2.66666666666667,1,4,4,3
"zYVhx8D2qmqSfN321qknFQ",4,7,16,8,10
"zz5C3Xrm1GWf7EPKRgt83A",4,0,2,0,1
"zZOuBvGMgUbmFJAoKABVSQ",3.375,1,7,0,8
"Zzv95OgdB5U4e8n4-kqkkw",4,0,0,0,1
